title,claim,stance,reason,claim_output,model
"Progress, Applications and Prospects of CRISPR-Based Genome Editing Technology in Gene Therapy for Cancer and Sickle Cell Disease",CRISPR/Cas9 has revolutionized molecular biology.,support,"The abstract states that CRISPR/Cas9 ""has revolutionized molecular biology"", indicating a positive and supportive tone.","Here is the extracted information:

Claim: CRISPR/Cas9 has revolutionized molecular biology.
Stance: Support
Reason: The abstract states that CRISPR/Cas9 ""has revolutionized molecular biology"", indicating a positive and supportive tone.

Claim: Precision editing methods like base editing and prime editing can make targeted nucleotide changes without double-strand breaks.
Stance: Support
Reason: The abstract highlights these precision editing methods as key advancements in the field.

Claim: CRISPR-mediated gene therapy has potential to integrate with other molecular approaches to address unmet medical needs.
Stance: Neutral (but leaning towards Support)
Reason: The abstract discusses challenges and future directions, but also emphasizes the ""potential"" of CRISPR-mediated gene therapy.",llama3.1:8b
Cas9-AAV6 gene correction of beta-globin in autologous HSCs improves sickle cell disease erythropoiesis in mice,Gene correction using Cas9-AAV6 can improve sickle cell disease erythropoiesis.,support,The study shows that HBB-corrected HSCs following autologous transplantation lead to normalized red blood cell features and robust hemoglobin-A levels.,"Claim: Gene correction using Cas9-AAV6 can improve sickle cell disease erythropoiesis.
Stance: Support
Reason: The study shows that HBB-corrected HSCs following autologous transplantation lead to normalized red blood cell features and robust hemoglobin-A levels.",llama3.1:8b
Combination of lentiviral and genome editing technologies for the treatment of sickle cell disease.,Combination of lentiviral and genome editing technologies improves treatment of sickle cell disease.,support,"The new approach achieves therapeutic results at a lower vector copy number, reducing genotoxicity risk.","Here is the extracted information:

Claim: Combination of lentiviral and genome editing technologies improves treatment of sickle cell disease.
Stance: Support
Reason: The new approach achieves therapeutic results at a lower vector copy number, reducing genotoxicity risk.",llama3.1:8b
CRISPR-Cas Systems in Targeted Drug Delivery and Gene Therapy: An Emerging Approach to Precision Medicine,CRISPR-Cas systems can revolutionize targeted drug delivery and gene therapy.,support,The abstract presents it as a transformative approach with significant promise for treating genetic disorders.,"Here is the extracted information:

Claim: CRISPR-Cas systems can revolutionize targeted drug delivery and gene therapy.
Stance: Support
Reason: The abstract presents it as a transformative approach with significant promise for treating genetic disorders.",llama3.1:8b
(Invited) CRISPR-Cas9-Based Cancer Therapy Delivery By Carbon Nanomaterials,CRISPR-Cas9-based therapy delivered by carbon nanomaterials can effectively treat cancer.,support,"The nanomaterials exhibit stable fluorescence and high biocompatibility, allowing for efficient complexation with the CRISPR-Cas9 system.","Claim: CRISPR-Cas9-based therapy delivered by carbon nanomaterials can effectively treat cancer.
Stance: Support
Reason: The nanomaterials exhibit stable fluorescence and high biocompatibility, allowing for efficient complexation with the CRISPR-Cas9 system.",llama3.1:8b
3042 – CAS9-AAV6 GENE CORRECTION OF AUTOLOGOUS HSCS IMPROVES SICKLE CELL DISEASE ERYTHROPOIESIS IN MICE,Gene correction of autologous hematopoietic stem cells improves erythropoiesis in mice with sickle cell disease.,support,"The study shows a direct correlation between corrected myeloid chimerism and normalized RBC features, indicating successful gene therapy.","Claim: Gene correction of autologous hematopoietic stem cells improves erythropoiesis in mice with sickle cell disease.
Stance: Support
Reason: The study shows a direct correlation between corrected myeloid chimerism and normalized RBC features, indicating successful gene therapy.",llama3.1:8b
Rewriting the script: gene therapy and genome editing for von Willebrand Disease,Gene therapy may be a viable treatment option for von Willebrand Disease.,support,The abstract mentions the use of gene therapy and CRISPR-Cas technologies as potential approaches to treat VWD.,"Claim: Gene therapy may be a viable treatment option for von Willebrand Disease.
Stance: Support
Reason: The abstract mentions the use of gene therapy and CRISPR-Cas technologies as potential approaches to treat VWD.

Claim: Current gene therapies are not sufficient to treat VWD due to its genetic complexity.
Stance: Contradict
Reason: This statement is contradicted by the abstract, which suggests that targeted, personalized gene therapy may be a viable solution for treating VWD.

Claim: CRISPR-Cas technologies can be tailored to address specific pathogenic variants in VWD patients.
Stance: Support
Reason: The abstract mentions the use of CRISPR-Cas technologies as a means to ""facilitate alteration and restoration of various pathogenic VWD variants"".",llama3.1:8b
CRISPR/Cas9 for achieving postintervention HIV control,Gene therapy using CRISPR/Cas9 can achieve postintervention HIV control.,support,Several studies have demonstrated proof-of-concept of combination gene therapy approaches.,"Here is the extracted information:

Claim: Gene therapy using CRISPR/Cas9 can achieve postintervention HIV control.
Stance: Support
Reason: Several studies have demonstrated proof-of-concept of combination gene therapy approaches.

Note: I extracted the main claim from the abstract's Summary section, which seems to be a concise summary of the review.",llama3.1:8b
Therapeutic applications of CRISPR-Cas9 gene editing,CRISPR-Cas9 gene editing has therapeutic applications.,support,The FDA approved the first CRISPR therapy in late 2023.,"Claim: CRISPR-Cas9 gene editing has therapeutic applications.
Stance: Support
Reason: The FDA approved the first CRISPR therapy in late 2023.",llama3.1:8b
Five Years of Progress in CRISPR Clinical Trials (2019–2024),CRISPR-based medicines have progressed significantly since 2019.,support,Several CRISPR-based products have received regulatory approvals worldwide.,"Claim: CRISPR-based medicines have progressed significantly since 2019.
Stance: Support
Reason: Several CRISPR-based products have received regulatory approvals worldwide.",llama3.1:8b
39. FACS-Based Enrichment of a Highly Purified HBB-Targeted Hematopoietic Stem and Progenitor Cell Population Using rAAV6 and CRISPR/Cas9,,,,"Here are the extracted information in the requested format:

1. Main claim: It is possible to generate and enrich a highly purified population of gene-corrected HSPCs with LT-HSC potential.
2. Stance: Support
3. Reason: The authors achieved HR frequencies of 15-49% and successfully identified, isolated, and engrafted the corrected cells in immunodeficient mice.",llama3.1:8b
CRISPR technology in human diseases,Gene editing technology has great potential in treating a wide range of human diseases.,support,The abstract highlights its therapeutic potential and application prospects in various human diseases.,"Here are the extracted information:

Claim: Gene editing technology has great potential in treating a wide range of human diseases.
Stance: Support
Reason: The abstract highlights its therapeutic potential and application prospects in various human diseases.

Claim: CRISPR-based gene editing is a promising new strategy for gene therapy.
Stance: Support
Reason: The abstract describes it as ""capable of generating genetic modifications in somatic cells"" and having great application prospects.

Claim: Gene editing technology can be used to construct animal models of human diseases.
Stance: Neutral
Reason: This statement is more of a fact, describing an existing application of gene editing technology.",llama3.1:8b
Introducing CASGEVY in Europe: Ethical and Regulatory Perspectives on the First CRISPR Gene Therapy,The conditional approval of CASGEVY raises key ethical and regulatory challenges.,support,"The abstract highlights concerns over patient consent, long-term safety, and unequal access to the therapy.","Claim: The conditional approval of CASGEVY raises key ethical and regulatory challenges.
Stance: Support
Reason: The abstract highlights concerns over patient consent, long-term safety, and unequal access to the therapy.

Claim: Precision medicine therapies like CASGEVY require harmonized ethical frameworks and equitable healthcare policies.
Stance: Neutral (asserts a requirement)
Reason: The abstract emphasizes that these requirements are necessary to ensure the promises of precision medicine are realized responsibly.

Claim: CASGEVY's rollout reveals access disparities and regulatory gaps in Europe.
Stance: Support
Reason: The abstract highlights the challenges posed by conditional approvals in high-stakes contexts.",llama3.1:8b
Evaluating the efficacy and safety of gene therapy in transfusion-dependent β-thalassemia: A focus on hemolysis improvement and clonal hematopoiesis monitoring,,support,The study shows significant reduction in hemolytic biomarkers and stable low frequency of a mutated clone following gene editing.,"Here are the extracted information:

1. Main claim: Gene therapy can improve hemolysis in transfusion-dependent β-thalassemia patients with minimal risk of clonal hematopoiesis.
Stance: Support
Reason: The study shows significant reduction in hemolytic biomarkers and stable low frequency of a mutated clone following gene editing.

2. (No second claim, but a related statement)

3. Main claim: Gene therapy can improve hemolysis in transfusion-dependent β-thalassemia patients with minimal risk of clonal hematopoiesis.
Stance: Support
Reason: The study shows significant reduction in hemolytic biomarkers and stable low frequency of a mutated clone following gene editing.

Alternatively, I can reformat the response to include two separate claims as requested:

1. Claim: Gene therapy can improve hemolysis in transfusion-dependent β-thalassemia patients.
Stance: Support
Reason: The study shows significant reduction in hemolytic biomarkers following gene editing.

2. Claim: Gene therapy has minimal risk of clonal hematopoiesis in transfusion-dependent β-thalassemia patients.
Stance: Neutral (contrasted to SCD, but not entirely dismissing the risk)
Reason: While no myeloid malignancies were observed, a mutated clone remained stable at low frequency.",llama3.1:8b
Delivery approaches for CRISPR/Cas9 therapeutics in vivo: advances and challenges,The CRISPR/Cas9 system holds promise as a therapeutic platform for many human genetic diseases.,support,It provides a flexible approach to high-fidelity gene editing.,"Claim: The CRISPR/Cas9 system holds promise as a therapeutic platform for many human genetic diseases.
Stance: Support
Reason: It provides a flexible approach to high-fidelity gene editing.

Claim: Translation of the CRISPR/Cas9 system to in vivo application is challenging.
Stance: Neutral
Reason: The statement simply acknowledges the hurdles, without taking a stance.

Claim: Carrier vehicles for transient approaches to CRISPR/Cas9 delivery are needed to overcome challenges.
Stance: Support
Reason: The development of such vehicles is emphasized as necessary.",llama3.1:8b
Complex HBB gene editing outcomes revealed by a fluorescent reporter cell model.,CRISPR-Cas9 gene editing generates diverse and potentially unsafe outcomes in addition to correcting the sickle mutation.,support,"The abstract states that Cas9 editing at HBB produces various undesirable outcomes, such as indels, large deletions, and loss of allele events.","Claim: CRISPR-Cas9 gene editing generates diverse and potentially unsafe outcomes in addition to correcting the sickle mutation.
Stance: Support
Reason: The abstract states that Cas9 editing at HBB produces various undesirable outcomes, such as indels, large deletions, and loss of allele events.",llama3.1:8b
Precise and error-prone CRISPR-directed gene editing activity in human CD34+ cells varies widely among patient samples,CRISPR-directed gene editing in human CD34+ cells has varying outcomes among patient samples.,neutral,"The abstract presents findings without taking a clear stance, instead focusing on identifying variables that influence gene editing outcomes.","Claim: CRISPR-directed gene editing in human CD34+ cells has varying outcomes among patient samples.
Stance: neutral
Reason: The abstract presents findings without taking a clear stance, instead focusing on identifying variables that influence gene editing outcomes.

Note: This is a neutral stance because the abstract is presenting data and observations rather than advocating for or against CRISPR-directed gene editing.",llama3.1:8b
EXPLORING THE POTENTIAL OF GENE THERAPY FOR INHERITED GENETIC DISORDERS,,support,The results of the trials show long-term gene expression stability and clinical biomarkers increase consistently across trials.,"1. Main claim: Gene therapy has therapeutic potential and is clinically viable.
Stance: Support
Reason: The results of the trials show long-term gene expression stability and clinical biomarkers increase consistently across trials.

2. Main claim: Gene editing tools need to be improved for wider use, safety, and ethical governance.
Stance: Neutral
Reason: This statement acknowledges both the benefits and limitations of gene therapy, recognizing the need for further development.

3. Main claim: Gene therapy is a revolutionary new development with potential to change genetic healthcare.
Stance: Support
Reason: The abstract describes it as ""a big change from traditional medicines"" and highlights its potential impact on treating inherited genetic illnesses.",llama3.1:8b
Scientific Advancements in Gene Therapies: Opportunities for Global Regulatory Convergence,Gene therapies need more equitable access globally.,neutral,The abstract presents a summary of discussions at a workshop without taking a clear stance.,"Claim: Gene therapies need more equitable access globally.
Stance: Neutral
Reason: The abstract presents a summary of discussions at a workshop without taking a clear stance.

 Claim: CRISPR-based technologies have made significant progress in gene therapy.
Stance: Support
Reason: The text mentions ""breakthroughs"" in these technologies as an example of significant progress.",llama3.1:8b
The revolution of clustered regularly interspaced short palindromic repeats -based therapies: From genetic diseases to cancer investigating how clustered regularly interspaced short palindromic repeats technology is being applied to treat genetic disorders and cancer,CRISPR technology can revolutionize the treatment of genetic diseases and cancer.,support,The abstract highlights the numerous promising applications and advancements in using CRISPR to treat various conditions.,"Here is the extracted information:

Claim: CRISPR technology can revolutionize the treatment of genetic diseases and cancer.
Stance: Support
Reason: The abstract highlights the numerous promising applications and advancements in using CRISPR to treat various conditions.

Or, in a more concise version:

 Claim: CRISPR technology has therapeutic potential.
Stance: Support
Reason: It enables targeted genome editing with significant advancements.",llama3.1:8b
The first genome-edited cell product receives FDA approval,The FDA approved a genome-edited cell product for treating sickle cell disease.,support,"The abstract describes the approval as a ""historical event"" and highlights its significance.","Claim: The FDA approved a genome-edited cell product for treating sickle cell disease.
Stance: Support
Reason: The abstract describes the approval as a ""historical event"" and highlights its significance.",llama3.1:8b
Precision in Action: The Role of Clustered Regularly Interspaced Short Palindromic Repeats/Cas in Gene Therapies,,,,"Here is the extracted information:

1. Main claim: Clustered Regularly Interspaced Short Palindromic Repeat (CRISPR)-associated enzyme-CAS holds great promise for treating many human diseases.

2. Stance: Support
3. Reason: The text highlights CRISPR/Cas technology's potential to precisely correct harmful point mutations and disrupt disease-causing genes.",llama3.1:8b
Harnessing Innovation Together: How Technology is Shaping Healthcare’s Future,New technologies are transforming healthcare through innovative applications beyond traditional uses.,support,"The abstract highlights various examples of technology being used in unexpected ways, such as AI-assisted cancer detection and CRISPR-based therapy.","Claim: New technologies are transforming healthcare through innovative applications beyond traditional uses.
Stance: Support
Reason: The abstract highlights various examples of technology being used in unexpected ways, such as AI-assisted cancer detection and CRISPR-based therapy.",llama3.1:8b
Infrequent Resolution of Vaso‐Occlusive Crises in Routine Clinical Care Among Patients Mimicking the Exa‐Cel Trial Population: A Cohort Study of Medicaid Enrollees,,,,"Here is the extracted information:

1. Main claim: Less than one in 12 patients with severe SCD achieved VOC-free status within 1 year in routine clinical care.
2. Stance: Support
3. Reason: The study's findings suggest that the results from a previous trial may translate into real-world clinical practice, implying support for the high efficacy observed in the trial.",llama3.1:8b
Optimization of CRISPR/Cas9 Delivery to Human Hematopoietic Stem and Progenitor Cells for Therapeutic Genomic Rearrangements.,Plasmid-based delivery of CRISPR/Cas9 is an effective method for editing the β-globin locus in human hematopoietic stem and progenitor cells.,support,The study found high frequency of genomic rearrangements with plasmid delivery.,"Claim: Plasmid-based delivery of CRISPR/Cas9 is an effective method for editing the β-globin locus in human hematopoietic stem and progenitor cells.
Stance: Support
Reason: The study found high frequency of genomic rearrangements with plasmid delivery.

Claim: RNA-mediated delivery of CRISPR/Cas9 is not a suitable method for editing the β-globin locus due to its low efficiency and toxicity.
Stance: Contradict
Reason: The study found RNA-delivery to be ""much less efficient in editing the β-globin locus"".

Claim: Ribonucleoprotein (RNP)-based delivery of CRISPR/Cas9 is a good balance between cytotoxicity and genome-editing efficiency for editing the β-globin locus.
Stance: Support
Reason: The study found RNP-delivery to be ""a good balance"" and exhibited HbF upregulation.

Claim: LV-based delivery of CRISPR/Cas9 results in poor genome-editing efficiency despite being robust and minimally toxic.
Stance: Neutral (Comment)
Reason: This is a neutral statement as it only describes the outcome without making a claim.",llama3.1:8b
Differing Definitions of Vaso-Occlusion in Clinical Studies of Sickle Cell Disease Can Result in Differing Outcomes,Different definitions of vaso-occlusion can lead to varying outcomes in clinical studies of sickle cell disease.,support,The analysis of exa-cel SCD pivotal clinical trial data showed that the number of patients free from vaso-occlusive episodes changed depending on the definition of vaso-occlusion employed.,"Claim: Different definitions of vaso-occlusion can lead to varying outcomes in clinical studies of sickle cell disease.

Stance: Support
Reason: The analysis of exa-cel SCD pivotal clinical trial data showed that the number of patients free from vaso-occlusive episodes changed depending on the definition of vaso-occlusion employed.",llama3.1:8b
"A Critical Review on Sickle Cell Disease: Pathophysiology, Clinical Burden, and Therapeutic Advances",Sickle cell disease has a significant unmet need for access to treatment options.,neutral,The abstract highlights both advances in therapy and persistent disparities in access.,"Claim: Sickle cell disease has a significant unmet need for access to treatment options.
Stance: Neutral
Reason: The abstract highlights both advances in therapy and persistent disparities in access.

Claim: Research investment in sickle cell disease is insufficient relative to its global burden.
Stance: Support
Reason: The abstract states that SCD receives ""comparatively little research investment"" despite being one of the most prevalent genetic disorders worldwide.",llama3.1:8b
Engineering adeno-associated viral vectors for CRISPR/Cas based in vivo therapeutic genome editing.,Efficient in vivo delivery of gene editing machineries using AAV vectors is crucial for advancing CRISPR/Cas therapy.,neutral,"The abstract highlights the challenges and limitations, but does not take a stance on the issue.","Claim: Efficient in vivo delivery of gene editing machineries using AAV vectors is crucial for advancing CRISPR/Cas therapy.
Stance: Neutral
Reason: The abstract highlights the challenges and limitations, but does not take a stance on the issue.

Alternatively:

 Claim: AAV-packaged CRISPR/Cas systems (AAV-CRISPR) hold great promise in enhancing the clinical utility of CRISPR/Cas therapy.
 Stance: Support
 Reason: The abstract describes recent advancements and engineering strategies aimed at improving the efficiency, specificity, and safety profiles of AAV-CRISPR.",llama3.1:8b
CRISPR-based gene therapy for the induction of fetal hemoglobin in sickle cell disease,CRISPR/Cas9 gene editing can induce high levels of fetal hemoglobin in patients with sickle cell disease.,support,The text describes a successful treatment outcome with high efficacy and normalization of hemoglobin levels.,"Here are the extracted points:

Claim: CRISPR/Cas9 gene editing can induce high levels of fetal hemoglobin in patients with sickle cell disease.
Stance: support
Reason: The text describes a successful treatment outcome with high efficacy and normalization of hemoglobin levels.

Claim: Gene therapy is likely to be unavailable to most people with severe sickle cell disease due to its technical imperatives and cost.
Stance: contradict (this one)
Reason: The text states that improved methods will lead to wider applicability, implying that gene therapy may not remain inaccessible.",llama3.1:8b
"Revolutionary breakthrough: FDA approves CASGEVY, the first CRISPR/Cas9 gene therapy for sickle cell disease",The FDA has approved the first CRISPR/Cas9 gene therapy for sickle cell disease.,support,Clinical trials showed it enables precise modifications in hematopoietic stem cells.,"Claim: The FDA has approved the first CRISPR/Cas9 gene therapy for sickle cell disease.
Stance: Support
Reason: Clinical trials showed it enables precise modifications in hematopoietic stem cells.

Claim: This therapy offers a curative approach and eliminates the need for recurrent transfusions and transplants.
Stance: Support
Reason: It resulted in elevated fetal hemoglobin levels and reduced vaso-occlusive events.

Claim: CRISPR technology has transformative impact and significant potential to shift SCD management paradigms.
Stance: Neutral (emphasizing positive but also acknowledging need for responsible application)
Reason: The text presents both optimistic outlook and warnings about ethical considerations.",llama3.1:8b
