title,abstract,year,pmid,source
Metformin and thiazolidinediones are associated with improved breast cancer-specific survival of diabetic women with HER2+ breast cancer,,2011,22112968,OpenAlex
Strategies for subtypes—dealing with the diversity of breast cancer: highlights of the St Gallen International Expert Consensus on the Primary Therapy of Early Breast Cancer 2011,,2011,21709140,OpenAlex
"Metformin increases survival in hormone receptor-positive, HER2-positive breast cancer patients with diabetes","INTRODUCTION: Metformin use has recently been observed to decrease both the rate and mortality of breast cancer. Our study was aim to determine whether metformin use is associated with survival in diabetic breast cancer patients by breast cancer subtype and systemic treatment. METHODS: Data from the Asan Medical Center Breast Cancer Database from 1997 to 2007 were analyzed. The study cohort comprised 6,967 nondiabetic patients, 202 diabetic patients treated with metformin, and 184 diabetic patients that did not receive metformin. Patients who were divided into three groups by diabetes status and metformin use were also divided into four subgroups by hormone receptor and HER2-neu status. RESULTS: In Kaplan-Meier analysis, the metformin group had a significantly better overall and cancer specific survival outcome compared with non metformin diabetic group (P <0.005 for both). There was no difference in survival between the nondiabetic and metformin groups. In multivariate analysis, Compared with metformin group, patients who did not receive metformin tended to have a higher risk of metastasis with HR 5.37 (95 % CI, 1.88 to 15.28) and breast cancer death with HR 6.51 (95 % CI, 1.88 to 15.28) on the hormone receptor-positive and HER2-negative breast cancer. The significant survival benefit of metformin observed in diabetic patients who received chemotherapy and endocrine therapy (HR for disease free survival 2.14; 95 % CI 1.14 to 4.04) was not seen in diabetic patients who did not receive these treatments. CONCLUSION: Patients receiving metformin treatment when breast cancer diagnosis show a better prognosis only if they have hormone receptor-positive, HER2-positive tumors. Metformin treatment might provide a survival benefit when added to systemic therapy in diabetic patients.",2015,25935404,OpenAlex
Effect of Metformin vs Placebo on Invasive Disease–Free Survival in Patients With Breast Cancer,"Importance: Metformin, a biguanide commonly used to treat type 2 diabetes, has been associated with potential beneficial effects across breast cancer subtypes in observational and preclinical studies. Objective: To determine whether the administration of adjuvant metformin (vs placebo) to patients with breast cancer without diabetes improves outcomes. Design, Setting, and Participants: MA.32, a phase 3 randomized, placebo-controlled, double-blind trial, conducted in Canada, Switzerland, US, and UK, enrolled 3649 patients with high-risk nonmetastatic breast cancer receiving standard therapy between August 2010 and March 2013, with follow-up to October 2020. Interventions: Patients were randomized (stratified for hormone receptor [estrogen receptor and/or progesterone receptor {ER/PgR}] status, positive vs negative; body mass index, ≤30 vs >30; human epidermal growth factor receptor 2 [ERBB2, formerly HER2 or HER2/neu], positive vs negative; and any vs no chemotherapy) to 850 mg of oral metformin twice a day (n = 1824) or oral placebo twice a day (n = 1825) for 5 years. Main Outcomes and Measures: The primary outcome was invasive disease-free survival in hormone receptor-positive breast cancer. Of the 8 secondary outcomes, overall survival, distant relapse-free survival, and breast cancer-free interval were analyzed. Results: Of the 3649 randomized patients (mean age, 52.4 years; 3643 women [99.8%]), all (100%) were included in analyses. After a second interim analysis, futility was declared for patients who were ER/PgR-, so the primary analysis was conducted for 2533 patients who were ER/PgR+. The median duration of follow-up in the ER/PgR+ group was 96.2 months (range, 0.2-121 months). Invasive disease-free survival events occurred in 465 patients who were ER/PgR+. The incidence rates for invasive disease-free survival events were 2.78 per 100 patient-years in the metformin group vs 2.74 per 100 patient-years in the placebo group (hazard ratio [HR], 1.01; 95% CI, 0.84-1.21; P = .93), and the incidence rates for death were 1.46 per 100 patient-years in the metformin group vs 1.32 per 100 patient-years in the placebo group (HR, 1.10; 95% CI, 0.86-1.41; P = .47). Among patients who were ER/PgR-, followed up for a median of 94.1 months, incidence of invasive disease-free survival events was 3.58 vs 3.60 per 100 patient-years, respectively (HR, 1.01; 95% CI, 0.79-1.30; P = .92). None of the 3 secondary outcomes analyzed in the ER/PgR+ group had statistically significant differences. Grade 3 nonhematological toxic events occurred more frequently in patients taking metformin than in patients taking placebo (21.5% vs 17.5%, respectively, P = .003). The most common grade 3 or higher adverse events in the metformin vs placebo groups were hypertension (2.4% vs 1.9%), irregular menses (1.5% vs 1.4%), and diarrhea (1.9% vs 7.0%). Conclusions and Relevance: Among patients with high-risk operable breast cancer without diabetes, the addition of metformin vs placebo to standard breast cancer treatment did not significantly improve invasive disease-free survival. Trial Registration: ClinicalTrials.gov Identifier: NCT01101438.",2022,35608580,OpenAlex
Metformin in early breast cancer: a prospective window of opportunity neoadjuvant study,,2012,22933030,OpenAlex
Diabetes and Cancer,"Epidemiologic evidence suggests that cancer incidence is associated with diabetes as well as certain diabetes risk factors and diabetes treatments. This consensus statement of experts assembled jointly by the American Diabetes Association and the American Cancer Society reviews the state of science concerning 1) the association between diabetes and cancer incidence or prognosis, 2) risk factors common to both diabetes and cancer, 3) possible biologic links between diabetes and cancer risk, and 4) whether diabetes treatments influence risk of cancer or cancer prognosis. In addition, key unanswered questions for future research are posed.",2010,20587728,OpenAlex
Metformin induces Ferroptosis by inhibiting UFMylation of SLC7A11 in breast cancer,"Abstract Background Ferroptosis is a newly defined form of regulated cell death characterized by the iron-dependent accumulation of lipid peroxidation and is involved in various pathophysiological conditions, including cancer. Targeting ferroptosis is considered to be a novel anti-cancer strategy. The identification of FDA-approved drugs as ferroptosis inducers is proposed to be a new promising approach for cancer treatment. Despite a growing body of evidence indicating the potential efficacy of the anti-diabetic metformin as an anti-cancer agent, the exact mechanism underlying this efficacy has not yet been fully elucidated. Methods The UFMylation of SLC7A11 is detected by immunoprecipitation and the expression of UFM1 and SLC7A11 in tumor tissues was detected by immunohistochemical staining. The level of ferroptosis is determined by the level of free iron, total/lipid Ros and GSH in the cells and the morphological changes of mitochondria are observed by transmission electron microscope. The mechanism in vivo was verified by in situ implantation tumor model in nude mice. Results Metformin induces ferroptosis in an AMPK-independent manner to suppress tumor growth. Mechanistically, we demonstrate that metformin increases the intracellular Fe 2+ and lipid ROS levels. Specifically, metformin reduces the protein stability of SLC7A11, which is a critical ferroptosis regulator, by inhibiting its UFMylation process. Furthermore, metformin combined with sulfasalazine, the system x c − inhibitor, can work in a synergistic manner to induce ferroptosis and inhibit the proliferation of breast cancer cells. Conclusions This study is the first to demonstrate that the ability of metformin to induce ferroptosis may be a novel mechanism underlying its anti-cancer effect. In addition, we identified SLC7A11 as a new UFMylation substrate and found that targeting the UFM1/SLC7A11 pathway could be a promising cancer treatment strategy.",2021,34162423,OpenAlex
Metformin in Cancer Treatment and Prevention,"Patients with diabetes mellitus are at increased risk of cancer development. Metformin is a well-established, effective agent for the management of type 2 diabetes mellitus. Epidemiological studies have identified an association between metformin use and a beneficial effect on cancer prevention and treatment, which has led to increasing interest in the potential use of metformin as an anticancer agent. Basic science has provided a better understanding of the mechanism of action of metformin and the potential for metformin to modulate molecular pathways involved in cancer cell signaling and metabolism. This article outlines the link between metformin and cancer, the potential for metformin in oncology, and limitations of currently available evidence.",2014,25386929,OpenAlex
PI3K/AKT/mTOR Signaling Pathway in Breast Cancer: From Molecular Landscape to Clinical Aspects,"Breast cancer is a serious health problem worldwide, representing the second cause of death through malignancies among women in developed countries. Population, endogenous and exogenous hormones, and physiological, genetic and breast-related factors are involved in breast cancer pathogenesis. The phosphatidylinositol 3-kinase (PI3K)/protein kinase B (AKT)/mammalian target of rapamycin (mTOR) is a signaling pathway involved in cell proliferation, survival, invasion, migration, apoptosis, glucose metabolism and DNA repair. In breast tumors, PIK3CA somatic mutations have been reported, located in exon 9 and exon 20. Up to 40% of PIK3CA mutations are estrogen receptor (ER) positive and human epidermal growth factor receptor 2 (HER2) -negative in primary and metastatic breast cancer. HER2 is overexpressed in 20-30% of breast cancers. HER1, HER2, HER3 and HER4 are membrane receptor tyrosine kinases involved in HER signaling to which various ligands can be attached, leading to PI3K/AKT activation. Currently, clinical studies evaluate inhibitors of the PI3K/AKT/mTOR axis. The main purpose of this review is to present general aspects of breast cancer, the components of the AKT signaling pathway, the factors that activate this protein kinase B, PI3K/AKT-breast cancer mutations, PI3K/AKT/mTOR-inhibitors, and the relationship between everolimus, temsirolimus and endocrine therapy.",2020,33375317,OpenAlex
Metformin: A Therapeutic Opportunity in Breast Cancer,"Two important, related pathways are involved in cancer growth: the insulin/insulin-like growth factor-1 (IGF1) signaling pathway, which is activated when nutrients are available, and the adenosine mono-phosphate-activated protein kinase (AMPK) pathway, activated when cells are starved for carbohydrates. Metformin inhibits transcription of key gluconeogenesis genes in the liver, increases glucose uptake in skeletal muscle, and decreases circulating insulin levels. Metformin reduces levels of circulating glucose, increases insulin sensitivity, and reduces insulin resistance-associated hyperinsulinemia. At the level of cell signaling, metformin activates AMPK. There are extensive preclinical data showing the anticancer effects of metformin in all breast cancer subtypes as well as in cytotoxic therapy-resistant models. These data, and the epidemiological and retrospective data supporting the antineoplastic effects of metformin, provide the rationale to study the role of metformin for breast cancer therapy in a variety of clinical settings.",2010,20215559,OpenAlex
Understanding the benefit of metformin use in cancer treatment,"Biguanides have been developed for the treatment of hyperglycemia and type 2 diabetes. Recently, metformin, the most widely prescribed biguanide, has emerged as a potential anticancer agent. Epidemiological, preclinical and clinical evidence supports the use of metformin as a cancer therapeutic. The ability of metformin to lower circulating insulin may be particularly important for the treatment of cancers known to be associated with hyperinsulinemia, such as those of the breast and colon. Moreover, metformin may exhibit direct inhibitory effects on cancer cells by inhibiting mammalian target of rapamycin (mTOR) signaling and protein synthesis. The evidence supporting a role for metformin in cancer therapy and its potential molecular mechanisms of action are discussed.",2011,21470407,OpenAlex
Metformin in cancer: translational challenges,"The anti-diabetic drug metformin is rapidly emerging as a potential anti-cancer agent. Metformin, effective in treating type 2 diabetes and the insulin resistance syndromes, improves insulin resistance by reducing hepatic gluconeogenesis and by enhancing glucose uptake by skeletal muscle. Epidemiological studies have consistently associated metformin use with decreased cancer incidence and cancer-related mortality. Furthermore, numerous preclinical and clinical studies have demonstrated anti-cancer effects of metformin, leading to an explosion of interest in evaluating this agent in human cancer. The effects of metformin on circulating insulin levels indicate a potential efficacy towards cancers associated with hyperinsulinaemia; however, metformin may also directly inhibit tumour growth. In this review, we describe the mechanism of action of metformin and summarise the epidemiological, clinical and preclinical evidence supporting a role for metformin in the treatment of cancer. In addition, the challenges associated with translating preclinical results into therapeutic benefit in the clinical setting will be discussed.",2012,22355097,OpenAlex
Glucose promotes breast cancer aggression and reduces metformin efficacy,"Metformin treatment has been associated with a decrease in breast cancer risk and improved survival. Metformin induces complex cellular changes, resulting in decreased tumor cell proliferation, reduction of stem cells, and apoptosis. Using a carcinogen-induced rodent model of mammary tumorigenesis, we recently demonstrated that overfeeding in obese animals is associated with a 50% increase in tumor glucose uptake, increased proliferation, and tumor cell reprogramming to an ""aggressive"" metabolic state. Metformin significantly inhibited these pro-tumorigenic effects. We hypothesized that a dynamic relationship exists between chronic energy excess (glucose by dose) and metformin efficacy/action. Media glucose concentrations above 5 mmol/L was associated with significant increase in breast cancer cell proliferation, clonogenicity, motility, upregulation/activation of pro-oncogenic signaling, and reduction in apoptosis. These effects were most significant in triple-negative breast cancer (TNBC) cell lines. High-glucose conditions (10 mmol/L or above) significantly abrogated the effects of metformin. Mechanisms of metformin action at normal vs. high glucose overlapped but were not identical; for example, metformin reduced IGF-1R expression in both the HER2+ SK-BR-3 and TNBC MDA-MB-468 cell lines more significantly at 5, as compared with 10 mmol/L glucose. Significant changes in gene profiles related to apoptosis, cellular processes, metabolic processes, and cell proliferation occurred with metformin treatment in cells grown at 5 mmol/L glucose, whereas under high-glucose conditions, metformin did not significantly increase apoptotic/cellular death genes. These data indicate that failure to maintain glucose homeostasis may promote a more aggressive breast cancer phenotype and alter metformin efficacy and mechanisms of action.",2013,24107633,OpenAlex
The impact of comorbidity on cancer survival: a review,"BACKGROUND: A number of studies have shown poorer survival among cancer patients with comorbidity. Several mechanisms may underlie this finding. In this review we summarize the current literature on the association between patient comorbidity and cancer prognosis. Prognostic factors examined include tumor biology, diagnosis, treatment, clinical quality, and adherence. METHODS: All English-language articles published during 2002-2012 on the association between comorbidity and survival among patients with colon cancer, breast cancer, and lung cancer were identified from PubMed, MEDLINE and Embase. Titles and abstracts were reviewed to identify eligible studies and their main results were then extracted. RESULTS: Our search yielded more than 2,500 articles related to comorbidity and cancer, but few investigated the prognostic impact of comorbidity as a primary aim. Most studies found that cancer patients with comorbidity had poorer survival than those without comorbidity, with 5-year mortality hazard ratios ranging from 1.1 to 5.8. Few studies examined the influence of specific chronic conditions. In general, comorbidity does not appear to be associated with more aggressive types of cancer or other differences in tumor biology. Presence of specific severe comorbidities or psychiatric disorders were found to be associated with delayed cancer diagnosis in some studies, while chronic diseases requiring regular medical visits were associated with earlier cancer detection in others. Another finding was that patients with comorbidity do not receive standard cancer treatments such as surgery, chemotherapy, and radiation therapy as often as patients without comorbidity, and their chance of completing a course of cancer treatment is lower. Postoperative complications and mortality are higher in patients with comorbidity. It is unclear from the literature whether the apparent undertreatment reflects appropriate consideration of greater toxicity risk, poorer clinical quality, patient preferences, or poor adherence among patients with comorbidity. CONCLUSION: Despite increasing recognition of the importance of comorbid illnesses among cancer patients, major challenges remain. Both treatment effectiveness and compliance appear compromised among cancer patients with comorbidity. Data on clinical quality is limited.",2013,24227920,OpenAlex
Mechanisms of resistance to trastuzumab emtansine (T-DM1) in HER2-positive breast cancer,"The HER2-targeted antibody-drug conjugate trastuzumab emtansine (T-DM1) is approved for the treatment of metastatic, HER2-positive breast cancer after prior trastuzumab and taxane therapy, and has also demonstrated efficacy in the adjuvant setting in incomplete responders to neoadjuvant therapy. Despite its objective activity, intrinsic and acquired resistance to T-DM1 remains a major clinical challenge. T-DM1 mediates its activity in a number of ways, encompassing HER2 signalling blockade, Fc-mediated immune response and payload-mediated microtubule poisoning. Resistance mechanisms relating to each of these features have been demonstrated, and we outline the findings of these studies in this review. In our overview of the substantial literature on T-DM1 activity and resistance, we conclude that the T-DM1 resistance mechanisms most strongly supported by the experimental data relate to dysfunctional intracellular metabolism of the construct and subversion of DM1-mediated cell killing. Loss of dependence on signalling initiated by HER2-HER2 homodimers is not substantiated as a resistance mechanism by clinical or experimental studies, and the impact of EGFR expression and tumour immunological status requires further investigation. These findings are instructive with respect to strategies that might overcome T-DM1 resistance, including the use of second-generation anti-HER2 antibody-drug conjugates that deploy alternative linker-payload chemistries.",2019,31839676,OpenAlex
"Breast Cancer—Epidemiology, Classification, Pathogenesis and Treatment (Review of Literature)","Breast cancer is the most-commonly diagnosed malignant tumor in women in the world, as well as the first cause of death from malignant tumors. The incidence of breast cancer is constantly increasing in all regions of the world. For this reason, despite the progress in its detection and treatment, which translates into improved mortality rates, it seems necessary to look for new therapeutic methods, and predictive and prognostic factors. Treatment strategies vary depending on the molecular subtype. Breast cancer treatment is multidisciplinary; it includes approaches to locoregional therapy (surgery and radiation therapy) and systemic therapy. Systemic therapies include hormone therapy for hormone-positive disease, chemotherapy, anti-HER2 therapy for HER2-positive disease, and quite recently, immunotherapy. Triple negative breast cancer is responsible for more than 15-20% of all breast cancers. It is of particular research interest as it presents a therapeutic challenge, mainly due to its low response to treatment and its highly invasive nature. Future therapeutic concepts for breast cancer aim to individualize therapy and de-escalate and escalate treatment based on cancer biology and early response to therapy. The article presents a review of the literature on breast carcinoma-a disease affecting women in the world.",2022,35626173,OpenAlex
Reprogramming of fatty acid metabolism in cancer,"A common feature of cancer cells is their ability to rewire their metabolism to sustain the production of ATP and macromolecules needed for cell growth, division and survival. In particular, the importance of altered fatty acid metabolism in cancer has received renewed interest as, aside their principal role as structural components of the membrane matrix, they are important secondary messengers, and can also serve as fuel sources for energy production. In this review, we will examine the mechanisms through which cancer cells rewire their fatty acid metabolism with a focus on four main areas of research. (1) The role of de novo synthesis and exogenous uptake in the cellular pool of fatty acids. (2) The mechanisms through which molecular heterogeneity and oncogenic signal transduction pathways, such as PI3K-AKT-mTOR signalling, regulate fatty acid metabolism. (3) The role of fatty acids as essential mediators of cancer progression and metastasis, through remodelling of the tumour microenvironment. (4) Therapeutic strategies and considerations for successfully targeting fatty acid metabolism in cancer. Further research focusing on the complex interplay between oncogenic signalling and dysregulated fatty acid metabolism holds great promise to uncover novel metabolic vulnerabilities and improve the efficacy of targeted therapies.",2019,31819192,OpenAlex
Macrophages as tools and targets in cancer therapy,,2022,35974096,OpenAlex
Mechanisms of Multidrug Resistance in Cancer Chemotherapy,"Cancer is one of the main causes of death worldwide. Despite the significant development of methods of cancer healing during the past decades, chemotherapy still remains the main method for cancer treatment. Depending on the mechanism of action, commonly used chemotherapeutic agents can be divided into several classes (antimetabolites, alkylating agents, mitotic spindle inhibitors, topoisomerase inhibitors, and others). Multidrug resistance (MDR) is responsible for over 90% of deaths in cancer patients receiving traditional chemotherapeutics or novel targeted drugs. The mechanisms of MDR include elevated metabolism of xenobiotics, enhanced efflux of drugs, growth factors, increased DNA repair capacity, and genetic factors (gene mutations, amplifications, and epigenetic alterations). Rapidly increasing numbers of biomedical studies are focused on designing chemotherapeutics that are able to evade or reverse MDR. The aim of this review is not only to demonstrate the latest data on the mechanisms of cellular resistance to anticancer agents currently used in clinical treatment but also to present the mechanisms of action of novel potential antitumor drugs which have been designed to overcome these resistance mechanisms. Better understanding of the mechanisms of MDR and targets of novel chemotherapy agents should provide guidance for future research concerning new effective strategies in cancer treatment.",2020,32370233,OpenAlex
"Breast cancer stem cells, cytokine networks, and the tumor microenvironment","Many tumors, including breast cancer, are maintained by a subpopulation of cells that display stem cell properties, mediate metastasis, and contribute to treatment resistance. These cancer stem cells (CSCs) are regulated by complex interactions with the components of the tumor microenvironment - including mesenchymal stem cells, adipocytes, tumor associated fibroblasts, endothelial cells, and immune cells - through networks of cytokines and growth factors. Since these components have a direct influence on CSC properties, they represent attractive targets for therapeutic development.",2011,21965337,OpenAlex
Targeting PI3K/Akt signal transduction for cancer therapy,"The phosphatidylinositol 3-kinase (PI3K)/Akt pathway plays a crucial role in various cellular processes and is aberrantly activated in cancers, contributing to the occurrence and progression of tumors. Examining the upstream and downstream nodes of this pathway could allow full elucidation of its function. Based on accumulating evidence, strategies targeting major components of the pathway might provide new insights for cancer drug discovery. Researchers have explored the use of some inhibitors targeting this pathway to block survival pathways. However, because oncogenic PI3K pathway activation occurs through various mechanisms, the clinical efficacies of these inhibitors are limited. Moreover, pathway activation is accompanied by the development of therapeutic resistance. Therefore, strategies involving pathway inhibitors and other cancer treatments in combination might solve the therapeutic dilemma. In this review, we discuss the roles of the PI3K/Akt pathway in various cancer phenotypes, review the current statuses of different PI3K/Akt inhibitors, and introduce combination therapies consisting of signaling inhibitors and conventional cancer therapies. The information presented herein suggests that cascading inhibitors of the PI3K/Akt signaling pathway, either alone or in combination with other therapies, are the most effective treatment strategy for cancer.",2021,34916492,OpenAlex
"Impact of Diabetes, Insulin, and Metformin Use on the Outcome of Patients With Human Epidermal Growth Factor Receptor 2–Positive Primary Breast Cancer: Analysis From the ALTTO Phase III Randomized Trial","Purpose Previous studies have suggested an association between metformin use and improved outcome in patients with diabetes and breast cancer. In the current study, we aimed to explore this association in human epidermal growth factor receptor 2 (HER2 ) -positive primary breast cancer in the context of a large, phase III adjuvant trial. Patients and Methods The ALTTO trial randomly assigned patients with HER2-positive breast cancer to receive 1 year of either trastuzumab alone, lapatinib alone, their sequence, or their combination. In this substudy, we evaluated whether patients with diabetes at study entry-with or without metformin treatment-were associated with different disease-free survival (DFS), distant disease-free survival (DDFS), and overall survival (OS) compared with patients without diabetes. Results A total of 8,381 patients were included in the current analysis: 7,935 patients (94.7%) had no history of diabetes at diagnosis, 186 patients (2.2%) had diabetes with no metformin treatment, and 260 patients (3.1%) were diabetic and had been treated with metformin. Median follow-up was 4.5 years (0.16 to 6.31 years), at which 1,205 (14.38%), 929 (11.08%), and 528 (6.3%) patients experienced DFS, DDFS, and OS events, respectively. Patients with diabetes who had not been treated with metformin experienced worse DFS (multivariable hazard ratio [HR], 1.40; 95% CI, 1.01 to 1.94; P = .043), DDFS (multivariable HR, 1.56; 95% CI, 1.10 to 2.22; P = .013), and OS (multivariable HR, 1.87; 95% CI, 1.23 to 2.85; P = .004). This effect was limited to hormone receptor-positive patients. Whereas insulin treatment was associated with a detrimental effect, metformin had a salutary effect in patients with diabetes who had HER2-positive and hormone receptor-positive breast cancer. Conclusion Metformin may improve the worse prognosis that is associated with diabetes and insulin treatment, mainly in patients with primary HER2-positive and hormone receptor-positive breast cancer.",2017,28375706,OpenAlex
Beta-Blocker Use Is Associated With Improved Relapse-Free Survival in Patients With Triple-Negative Breast Cancer,"PURPOSE: To examine the association between beta-blocker (BB) intake, pathologic complete response (pCR) rates, and survival outcomes in patients with breast cancer treated with neoadjuvant chemotherapy. PATIENTS AND METHODS: We retrospectively reviewed 1,413 patients with breast cancer who received neoadjuvant chemotherapy between 1995 and 2007. Patients taking BBs at the start of neoadjuvant therapy were compared with patients with no BB intake. Rates of pCR between the groups were compared using a χ² test. Cox proportional hazards models were fitted to determine the association between BB intake, relapse-free survival (RFS), and overall survival (OS). RESULTS: Patients who used BBs (n = 102) were compared with patients (n = 1,311) who did not. Patients receiving BBs tended to be older and obese (P < .001). The proportion of pCR was not significantly different between the groups (P = .48). After adjustment for age, race, stage, grade, receptor status, lymphovascular invasion, body mass index, diabetes, hypertension, and angiotensin-converting enzyme inhibitor use, BB intake was associated with a significantly better RFS (hazard ratio [HR], 0.52; 95% CI, 0.31 to 0.88) but not OS (P = .09). Among patients with triple-negative breast cancer (TNBC; n = 377), BB intake was associated with improved RFS (HR, 0.30; 95% CI, 0.10 to 0.87;P = .027) but not OS (HR, 0.35; 95% CI, 0.12 to 1.00;P = .05). CONCLUSION: In this study, BB intake was associated with improved RFS in all patients with breast cancer and in patients with TNBC. Additional studies evaluating the potential benefits of beta-adrenergic blockade on breast cancer recurrence with a focus on TNBC are warranted.",2011,21632501,OpenAlex
PYK2 promotes HER2-positive breast cancer invasion,"BACKGROUND: Metformin, a biguanide, is one of the most commonly prescribed treatments for type 2 diabetes and has recently been recommended as a potential drug candidate for advanced cancer therapy. Although Metformin has antiproliferative and proapoptotic effects on breast cancer, the heterogenous nature of this disease affects the response to metformin leading to the activation of pro-invasive signalling pathways that are mediated by the focal adhesion kinase PYK2 in pure HER2 phenotype breast cancer. METHODS: The effect of metformin on different breast cancer cell lines, representing the molecular heterogenicity of the disease was investigated using in vitro proliferation and apoptosis assays. The activation of PYK2 by metformin in pure HER2 phenotype (HER2+/ER-/PR-) cell lines was investigated by microarrays, quantitative real time PCR and immunoblotting. Cell migration and invasion PYK2-mediated and in response to metformin were determined by wound healing and invasion assays using HER2+/ER-/PR- PYK2 knockdown cell lines. Proteomic analyses were used to determine the role of PYK2 in HER2+/ER-/PR- proliferative, migratory and invasive cellular pathways and in response to metformin. The association between PYK2 expression and HER2+/ER-/PR- patients' cancer-specific survival was investigated using bioinformatic analysis of PYK2 expression from patient gene expression profiles generated by the Molecular Taxonomy of Breast Cancer International Consortium (METABRIC) study. The effect of PYK2 and metformin on tumour initiation and invasion of HER2+/ER-/PR- breast cancer stem-like cells was performed using the in vitro stem cell proliferation and invasion assays. RESULTS: Our study showed for the first time that pure HER2 breast cancer cells are more resistant to metformin treatment when compared with the other breast cancer phenotypes. This drug resistance was associated with the activation of PTK2B/PYK2, a well-known mediator of signalling pathways involved in cell proliferation, migration and invasion. The role of PYK2 in promoting invasion of metformin resistant HER2 breast cancer cells was confirmed through investigating the effect of PYK2 knockdown and metformin on cell invasion and by proteomic analysis of associated cellular pathways. We also reveal a correlation between high level of expression of PYK2 and reduced survival in pure HER2 breast cancer patients. Moreover, we also report a role of PYK2 in tumour initiation and invasion-mediated by pure HER2 breast cancer stem-like cells. This was further confirmed by demonstrating a correlation between reduced survival in pure HER2 breast cancer patients and expression of PYK2 and the stem cell marker CD44. CONCLUSIONS: We provide evidence of a PYK2-driven pro-invasive potential of metformin in pure HER2 cancer therapy and propose that metformin-based therapy should consider the molecular heterogeneity of breast cancer to prevent complications associated with cancer chemoresistance, invasion and recurrence in treated patients.",2019,31118051,OpenAlex
Cancer-associated adipocytes: key players in breast cancer progression,"Adipocytes are one of the primary stromal cells in many tissues, and they are considered to play an active role in the tumor microenvironment. Cancer-associated adipocytes (CAAs) are not only found adjacent to cancer cells, but also communicate with cancer cells through releasing various factors that can mediate local and systemic effects. The adipocyte-cancer cell crosstalk leads to phenotypical and functional changes of both cell types, which can further enhance tumor progression. Indeed, obesity, which is associated with an increase in adipose mass and an alteration of adipose tissue, is becoming pandemic in some countries and it is now considered to be an independent risk factor for cancer progression. In this review, we focus on the potential mechanisms involved with special attention to the adipocyte-cancer cell circle in breast cancer. We envisage that besides having a direct impact on tumor cells, CAAs systemically preconditions the tumor microenvironment by favoring anti-tumor immunity. A better understanding of cancer-associated adipocytes and the key molecular events in the adipocyte-cancer cell crosstalk will provide insights into tumor biology and permit the optimization of therapeutic strategies.",2019,31500658,OpenAlex
Repurposing metformin for cancer treatment: current clinical studies,"// Young Kwang Chae 1,2,3 , Ayush Arya 3 , Mary-Kate Malecek 3 , Daniel Sanghoon Shin 4 , Benedito Carneiro 1,2,3 , Sunandana Chandra 1,2,3 , Jason Kaplan 1,2,3 , Aparna Kalyan 1,2,3 , Jessica K. Altman 1,2,3 , Leonidas Platanias 1,2,3,5 and Francis Giles 1,2,3 1 Northwestern Medicine Developmental Therapeutics Institute, Chicago, IL, USA 2 Robert H. Lurie Comprehensive Cancer Center of Northwestern University, Chicago, IL, USA 3 Northwestern University Feinberg School of Medicine, Chicago, IL, USA 4 David Geffen School of Medicine, University of California Los Angeles, Los Angeles, CA, USA 5 Division of Hematology-Oncology, Department of Medicine, Jesse Brown VA Medical Center, Chicago, IL, USA Correspondence to: Young Kwang Chae, email: // Keywords : metformin, clinical trials, cancer Received : September 20, 2015 Accepted : March 06, 2016 Published : March 19, 2016 Abstract In recent years, several studies have presented evidence suggesting a potential role for metformin in anti-cancer therapy. Preclinical studies have demonstrated several anticancer molecular mechanisms of metformin including mTOR inhibition, cytotoxic effects, and immunomodulation. Epidemiologic data have demonstrated decreased cancer incidence and mortality in patients taking metformin. Several clinical trials, focused on evaluation of metformin as an anti-cancer agent are presently underway. Data published from a small number of completed trials has put forth intriguing results. Clinical trials in pre-surgical endometrial cancer patients exhibited a significant decrease in Ki67 with metformin monotherapy. Another interesting observation was made in patients with breast cancer, wherein a trend towards improvement in cancer proliferation markers was noted in patients without insulin resistance. Data on survival outcomes with the use of metformin as an anti-cancer agent is awaited. This manuscript will critically review the role of metformin as a potential cancer treatment.",2016,27004404,OpenAlex
Metformin: Multi-faceted protection against cancer,"Sonia Del Barco 1,2,* , Alejandro Vazquez-Martin 2,3,* , S&iacute;lvia Cuf&iacute; 2,3 , Cristina Oliveras-Ferraros 2,3 , Joaquim Bosch-Barrera 1,2 , Jorge Joven 4 , Bego&ntilde;a Martin-Castillo 2,5 , Javier A. Menendez 2,3 1 Medical Oncology, Catalan Institute of Oncology, Girona (Catalonia, Spain) 2 Girona Biomedical Research Institute, Girona (Catalonia, Spain) 3 Unit of Translational Research, Catalan Institute of Oncology, Girona (Catalonia, Spain) 4 Centre de Recerca Biom&egrave;dica, Hospital Universitari Sant Joan de Reus, Institut d&rsquo;Investigaci&ograve; Sanit&agrave;ria Pere Virgili, Universitat Rovira i Virgili, Reus (Catalonia, Spain) 5 Unit of Clinical Research, Catalan Institute of Oncology, Girona (Catalonia, Spain) * Denotes equal contribution Received: December 19, 2011; Accepted: December 23, 2011; Published: December 24, 2011; Keywords: Diabetes, cancer, metformin, cancer stem cells, senescence Correspondence: Javier A. Menendez, email: // // Abstract The biguanide metformin, a widely used drug for the treatment of type 2 diabetes, may exert cancer chemopreventive effects by suppressing the transformative and hyperproliferative processes that initiate carcinogenesis. Metformin&rsquo;s molecular targets in cancer cells (e.g., mTOR, HER2) are similar to those currently being used for directed cancer therapy. However, metformin is nontoxic and might be extremely useful for enhancing treatment efficacy of mechanism-based and biologically targeted drugs. Here, we first revisit the epidemiological, preclinical, and clinical evidence from the last 5 years showing that metformin is a promising candidate for oncology therapeutics. Second, the anticancer effects of metformin by both direct (insulin-independent) and indirect (insulin-dependent) mechanisms are discussed in terms of metformin-targeted processes and the ontogenesis of cancer stem cells (CSC), including Epithelial-to-Mesenchymal Transition (EMT) and microRNAs-regulated dedifferentiation of CSCs. Finally, we present preliminary evidence that metformin may regulate cellular senescence, an innate safeguard against cellular immortalization. There are two main lines of evidence that suggest that metformin&rsquo;s primary target is the immortalizing step during tumorigenesis. First, metformin activates intracellular DNA damage response checkpoints. Second, metformin attenuates the anti-senescence effects of the ATP-generating glycolytic metabotype-the Warburg effect-, which is required for self-renewal and proliferation of CSCs. If metformin therapy presents an intrinsic barrier against tumorigenesis by lowering the threshold for stress-induced senescence, metformin therapeutic strategies may be pivotal for therapeutic intervention for cancer. Current and future clinical trials will elucidate whether metformin has the potential to be used in preventive and treatment settings as an adjuvant to current cancer therapeutics.",2011,22203527,OpenAlex
PI3K/AKT/mTOR signaling transduction pathway and targeted therapies in cancer,"The PI3K/AKT/mTOR (PAM) signaling pathway is a highly conserved signal transduction network in eukaryotic cells that promotes cell survival, cell growth, and cell cycle progression. Growth factor signalling to transcription factors in the PAM axis is highly regulated by multiple cross-interactions with several other signaling pathways, and dysregulation of signal transduction can predispose to cancer development. The PAM axis is the most frequently activated signaling pathway in human cancer and is often implicated in resistance to anticancer therapies. Dysfunction of components of this pathway such as hyperactivity of PI3K, loss of function of PTEN, and gain-of-function of AKT, are notorious drivers of treatment resistance and disease progression in cancer. In this review we highlight the major dysregulations in the PAM signaling pathway in cancer, and discuss the results of PI3K, AKT and mTOR inhibitors as monotherapy and in co-administation with other antineoplastic agents in clinical trials as a strategy for overcoming treatment resistance. Finally, the major mechanisms of resistance to PAM signaling targeted therapies, including PAM signaling in immunology and immunotherapies are also discussed.",2023,37596643,OpenAlex
Breast Cancer Metastasis: Mechanisms and Therapeutic Implications,"Breast cancer is the most common malignancy in women worldwide. Metastasis is the leading cause of high mortality in most cancers. Although predicting the early stage of breast cancer before metastasis can increase the survival rate, breast cancer is often discovered or diagnosed after metastasis has occurred. In general, breast cancer has a poor prognosis because it starts as a local disease and can spread to lymph nodes or distant organs, contributing to a significant impediment in breast cancer treatment. Metastatic breast cancer cells acquire aggressive characteristics from the tumor microenvironment (TME) through several mechanisms including epithelial-mesenchymal transition (EMT) and epigenetic regulation. Therefore, understanding the nature and mechanism of breast cancer metastasis can facilitate the development of targeted therapeutics focused on metastasis. This review discusses the mechanisms leading to metastasis and the current therapies to improve the early diagnosis and prognosis in patients with metastatic breast cancer.",2022,35743249,OpenAlex
"Alpelisib plus fulvestrant for PIK3CA-mutated, hormone receptor-positive, human epidermal growth factor receptor-2–negative advanced breast cancer: final overall survival results from SOLAR-1","•In SOLAR-1, the key secondary endpoint of OS was evaluated in patients with HR+, HER2−, PIK3CA-mutated ABC.•Adding alpelisib to fulvestrant numerically improved mOS by 7.9 months, though the result was not statistically significant.•OS was numerically improved in hard-to-treat disease, including a 14-month median improvement in those with lung/liver metastases.•Median time to first chemotherapy was delayed by 8.5 months with the addition of alpelisib to fulvestrant.•With longer follow-up the alpelisib plus fulvestrant safety profile was similar to prior reports with no new safety signals. BackgroundActivation of the phosphatidylinositol-3-kinase (PI3K) pathway via PIK3CA mutations occurs in 28%-46% of hormone receptor-positive (HR+), human epidermal growth factor receptor-2-negative (HER2−) advanced breast cancers (ABCs) and is associated with poor prognosis. The SOLAR-1 trial showed that the addition of alpelisib to fulvestrant treatment provided statistically significant and clinically meaningful progression-free survival (PFS) benefit in PIK3CA-mutated, HR+, HER2− ABC.Patients and methodsMen and postmenopausal women with HR+, HER2− ABC whose disease progressed on or after aromatase inhibitor (AI) were randomized 1 : 1 to receive alpelisib (300 mg/day) plus fulvestrant (500 mg every 28 days and once on day 15) or placebo plus fulvestrant. Overall survival (OS) in the PIK3CA-mutant cohort was evaluated by Kaplan–Meier methodology and a one-sided stratified log-rank test was carried out with an O'Brien–Fleming efficacy boundary of P ≤ 0.0161.ResultsIn the PIK3CA-mutated cohort (n = 341), median OS [95% confidence interval (CI)] was 39.3 months (34.1-44.9) for alpelisib-fulvestrant and 31.4 months (26.8-41.3) for placebo-fulvestrant [hazard ratio (HR) = 0.86 (95% CI, 0.64-1.15; P = 0.15)]. OS results did not cross the prespecified efficacy boundary. Median OS (95% CI) in patients with lung and/or liver metastases was 37.2 months (28.7-43.6) and 22.8 months (19.0-26.8) in the alpelisib-fulvestrant and placebo-fulvestrant arms, respectively [HR = 0.68 (0.46-1.00)]. Median times to chemotherapy (95% CI) for the alpelisib-fulvestrant and placebo-fulvestrant arms were 23.3 months (15.2-28.4) and 14.8 months (10.5-22.6), respectively [HR = 0.72 (0.54-0.95)]. No new safety signals were observed with longer follow-up.ConclusionsAlthough the analysis did not cross the prespecified boundary for statistical significance, there was a 7.9-month numeric improvement in median OS when alpelisib was added to fulvestrant treatment of patients with PIK3CA-mutated, HR+, HER2− ABC. Overall, these results further support the statistically significant prolongation of PFS observed with alpelisib plus fulvestrant in this population, which has a poor prognosis due to a PIK3CA mutation.ClinicalTrials.gov IdNCT02437318. Activation of the phosphatidylinositol-3-kinase (PI3K) pathway via PIK3CA mutations occurs in 28%-46% of hormone receptor-positive (HR+), human epidermal growth factor receptor-2-negative (HER2−) advanced breast cancers (ABCs) and is associated with poor prognosis. The SOLAR-1 trial showed that the addition of alpelisib to fulvestrant treatment provided statistically significant and clinically meaningful progression-free survival (PFS) benefit in PIK3CA-mutated, HR+, HER2− ABC. Men and postmenopausal women with HR+, HER2− ABC whose disease progressed on or after aromatase inhibitor (AI) were randomized 1 : 1 to receive alpelisib (300 mg/day) plus fulvestrant (500 mg every 28 days and once on day 15) or placebo plus fulvestrant. Overall survival (OS) in the PIK3CA-mutant cohort was evaluated by Kaplan–Meier methodology and a one-sided stratified log-rank test was carried out with an O'Brien–Fleming efficacy boundary of P ≤ 0.0161. In the PIK3CA-mutated cohort (n = 341), median OS [95% confidence interval (CI)] was 39.3 months (34.1-44.9) for alpelisib-fulvestrant and 31.4 months (26.8-41.3) for placebo-fulvestrant [hazard ratio (HR) = 0.86 (95% CI, 0.64-1.15; P = 0.15)]. OS results did not cross the prespecified efficacy boundary. Median OS (95% CI) in patients with lung and/or liver metastases was 37.2 months (28.7-43.6) and 22.8 months (19.0-26.8) in the alpelisib-fulvestrant and placebo-fulvestrant arms, respectively [HR = 0.68 (0.46-1.00)]. Median times to chemotherapy (95% CI) for the alpelisib-fulvestrant and placebo-fulvestrant arms were 23.3 months (15.2-28.4) and 14.8 months (10.5-22.6), respectively [HR = 0.72 (0.54-0.95)]. No new safety signals were observed with longer follow-up. Although the analysis did not cross the prespecified boundary for statistical significance, there was a 7.9-month numeric improvement in median OS when alpelisib was added to fulvestrant treatment of patients with PIK3CA-mutated, HR+, HER2− ABC. Overall, these results further support the statistically significant prolongation of PFS observed with alpelisib plus fulvestrant in this population, which has a poor prognosis due to a PIK3CA mutation.",2020,33246021,OpenAlex
&lt;p&gt;Epidemiological characteristics of and risk factors for breast cancer in the world&lt;/p&gt;,"AIM: Breast cancer is the most common cancer among women and one of the most important causes of death among them. This review aimed to investigate the incidence and mortality rates of breast cancer and to identify the risk factors for breast cancer in the world. MATERIALS AND METHODS: A search was performed in PubMed, Web of Science, and Scopus databases without any time restrictions. The search keywords included the following terms: breast cancer, risk factors, incidence, and mortality and a combination of these terms. Studies published in English that referred to various aspects of breast cancer including epidemiology and risk factors were included in the study. Overall, 142 articles published in English were included in the study. RESULTS: Based on the published studies, the incidence rate of breast cancer varies greatly with race and ethnicity and is higher in developed countries. Results of this study show that mortality rate of breast cancer is higher in less developed regions. The findings of this study demonstrated that various risk factors including demographic, reproductive, hormonal, hereditary, breast related, and lifestyle contribute to the incidence of breast cancer. CONCLUSION: The results of this study indicated that incidence and mortality rates of breast cancer is rising, so design and implementation of screening programs and the control of risk factors seem essential.",2019,31040712,OpenAlex
The antidiabetic drug metformin suppresses HER2 (erbB-2) oncoprotein overexpression via inhibition of the mTOR effector p70S6K1 in human breast carcinoma cells,"Population studies have revealed that treatment with the antidiabetic drug metformin significantly associates with reduced breast cancer risk. Animal studies have shown that metformin suppresses the development of mammary carcinomas in transgenic female mice carrying a HER2 oncogene, but not that of spontaneous tumors. We herein demonstrate that HER2 oncoprotein itself may represent a key cellular target involved in the anti-breast cancer actions of metformin. First, ectopical overexpression of HER2 oncogene significantly enhances metformin-induced breast cancer cell growth inhibition. Second, metformin treatment drastically downregulates HER2 protein levels (up to 85% reduction) in a dose- and time-dependent manner. Metformin-induced inhibition of HER2 take places regardless the molecular mechanism contributing to HER2 overexpression (i.e., human HER2 cDNA exogenously driven by a viral promoter and naturally occurring endogenous HER2 gene amplification). Mechanistically, metformin-induced suppression of HER2 overexpression appears to occur via direct (AMPK-independent) inhibition of p70S6K1 activity. Compound C- and small interference RNA (siRNA)-induced blockade of AMPK activity/expression fail to prevent the anti-HER2 effect of metformin while AMPK hyperactivation following exposure to the AMP analog AICAR is not sufficient to downregulate HER2 expression. HER2-positive breast cancer cells transfected with p70S6K1 siRNA become completely refractory to metformin-induced HER2 suppression. Of note, co-incubation with agents that block reactive oxygen species (ROS) production (e.g., N-acetylcysteine) dramatically enhanced the ability of metformin to decrease HER2 expression. From the perspective of chemoprevention, these findings altogether suggest that metformin might exert a protective mostly confined to the HER2-positive breast cancer subtype. From the perspective of intervention, the presence/absence of molecular hallmarks such as HER2 overexpression and/or p70S6K1 hyperactivation might dictate alternative responses in metformin-based treatment of early breast cancer. The importance of mTOR/p70S6K1-sensed ROS status at mediating the anti-oncogenic effects of metformin might represent a previously unrecognized linkage molecularly connecting its anti-aging and anti-cancer actions.",2009,19106626,OpenAlex
Advancements in clinical aspects of targeted therapy and immunotherapy in breast cancer,"Breast cancer is the second leading cause of death for women worldwide. The heterogeneity of this disease presents a big challenge in its therapeutic management. However, recent advances in molecular biology and immunology enable to develop highly targeted therapies for many forms of breast cancer. The primary objective of targeted therapy is to inhibit a specific target/molecule that supports tumor progression. Ak strain transforming, cyclin-dependent kinases, poly (ADP-ribose) polymerase, and different growth factors have emerged as potential therapeutic targets for specific breast cancer subtypes. Many targeted drugs are currently undergoing clinical trials, and some have already received the FDA approval as monotherapy or in combination with other drugs for the treatment of different forms of breast cancer. However, the targeted drugs have yet to achieve therapeutic promise against triple-negative breast cancer (TNBC). In this aspect, immune therapy has come up as a promising therapeutic approach specifically for TNBC patients. Different immunotherapeutic modalities including immune-checkpoint blockade, vaccination, and adoptive cell transfer have been extensively studied in the clinical setting of breast cancer, especially in TNBC patients. The FDA has already approved some immune-checkpoint blockers in combination with chemotherapeutic drugs to treat TNBC and several trials are ongoing. This review provides an overview of clinical developments and recent advancements in targeted therapies and immunotherapies for breast cancer treatment. The successes, challenges, and prospects were critically discussed to portray their profound prospects.",2023,37415164,OpenAlex
Obesity and Cancer,"Weight, weight gain, and obesity account for approximately 20% of all cancer cases. Evidence on the relation of each to cancer is summarized, including esophageal, thyroid, colon, renal, liver, melanoma, multiple myeloma, rectum, gallbladder, leukemia, lymphoma, and prostate in men; and postmenopausal breast and endometrium in women. Different mechanisms drive etiologic pathways for these cancers. Weight loss, particularly among postmenopausal women, reduces risk for breast cancer. Among cancer patients, data are less robust, but we note a long history of poor outcomes after breast cancer among obese women. While evidence on obesity and outcomes for other cancers is mixed, growing evidence points to benefits of physical activity for breast and colon cancers. Dosing of chemotherapy and radiation therapy among obese patients is discussed and the impact on therapy-related toxicity is noted. Guidelines for counseling patients for weight loss and increased physical activity are presented and supported by strong evidence that increased physical activity leads to improved quality of life among cancer survivors. The ""Five A's"" model guides clinicians through a counseling session: assess, advise, agree, assist, arrange. The burden of obesity on society continues to increase and warrants closer attention by clinicians for both cancer prevention and improved outcomes after diagnosis.",2010,20507889,OpenAlex
Phosphorylated Insulin-Like Growth Factor-I/Insulin Receptor Is Present in All Breast Cancer Subtypes and Is Related to Poor Survival,"Drugs that target the insulin-like growth factor-I receptor (IGF-IR) and/or insulin receptor (IR) are currently under investigation for a variety of malignancies including breast cancer. Although we have previously reported that IGF-IR expression in primary breast tumors is common, the activation status of this receptor has not been examined in relation to survival. Phosphorylated IGF-IR/IR (P-IGF-IR/IR) and its downstream signaling partner phospho-S6 (P-S6) were evaluated immunohistochemically in tumor tissue microarrays representing 438 cases of invasive breast cancer. P-IGF-IR/IR (n = 114; P = 0.046) and total levels of IR (n = 122; P = 0.009) were indicative of poor survival, whereas total IGF-IR (n = 112; P = 0.304) was not. P-IGF-IR/IR and P-S6 were coordinately expressed in primary breast tumors (likelihood ratio, 11.57; P = 6.70 x 10(-4)). Importantly, P-IGF-IR/IR was detected in all breast cancer subtypes (luminal, 48.1%; triple negative, 41.9%; and HER2, 64.3%). In vitro, the IGF-IR/IR inhibitor BMS-536924 decreased phospho-RSK and P-S6, and significantly suppressed the growth of breast cancer cell lines MCF-7, SUM149, and AU565 representing the luminal, triple negative, and HER2 subtypes, respectively, in monolayer and soft agar. BMS-536924 also inhibited growth in tamoxifen resistant MCF-7 Tam-R cells while having little effect on immortalized normal breast epithelial cells. Thus, we can determine which patients have the activated receptor and provide evidence that P-IGF-IR/IR is a prognostic factor for breast cancer. Beyond this, P-IGF-IR/IR could be a predictive marker for response to IGF-IR and/or IR-targeted therapies, as these inhibitors may be of benefit in all breast cancer subtypes including those with acquired resistance to tamoxifen.",2008,19074892,OpenAlex
Role of STAT3 signaling pathway in breast cancer,"Breast cancer has grown to be the second leading cause of cancer-related deaths in women. Only a few treatment options are available for breast cancer due to the widespread occurrence of chemoresistance, which emphasizes the need to discover and develop new methods to treat this disease. Signal transducer and activator of transcription 3 (STAT3) is an early tumor diagnostic marker and is known to promote breast cancer malignancy. Recent clinical and preclinical data indicate the involvement of overexpressed and constitutively activated STAT3 in the progression, proliferation, metastasis and chemoresistance of breast cancer. Moreover, new pathways comprised of upstream regulators and downstream targets of STAT3 have been discovered. In addition, small molecule inhibitors targeting STAT3 activation have been found to be efficient for therapeutic treatment of breast cancer. This systematic review discusses the advances in the discovery of the STAT3 pathways and drugs targeting STAT3 in breast cancer. Video abstract.",2020,32111215,OpenAlex
Neratinib overcomes trastuzumab resistance in HER2 amplified breast cancer,"// Alexandra Canonici 1,* , Merel Gijsen 2,* , Maeve Mullooly 4 , Ruth Bennett 2 , Noujoude Bouguern 2 , Kasper Pedersen 1 , Neil A O&rsquo;Brien 5 , Ioannis Roxanis 6 , Ji-Liang Li 3 , Esther Bridge 3 , Richard Finn 5 , Dennis Slamon 5 , Patricia McGowan 4 , Michael J. Duffy 4 , Norma O&rsquo;Donovan 1,* , John Crown 1,4,* and Anthony Kong 2,* 1 National Institute for Cellular Biotechnology, Dublin City University, Dublin, Ireland; 2 Human Epidermal Growth Factor Group, University of Oxford, UK 3 Growth Factor Group, Department of Oncology, Weatherall Institute of Molecular Medicine, University of Oxford, UK; 4 Clinical Research Centre, St. Vincent&rsquo;s University Hospital, and UCD School of Medicine and Medical Science, Conway Institute, University College Dublin, Dublin, Ireland; 5 Division of Hematology-Oncology, Department of Medicine, David Geffen School of Medicine, University of California at Los Angeles, Los Angeles, California; 6 Department of Cellular Pathology, Oxford University Hospitals and Oxford Biomedical Research Centre, Oxford, United Kingdom. * These authors contributed equally Correspondence: Anthony Kong, email: // John Crown, email: // Norma O&rsquo;Donovan, email: // Keywords : breast cancer, HER2/ErbB2, trastuzumab (Herceptin), neratinib, panHER inhibitor Received : July 6, 2013 Accepted : July 24, 2013 Published : July 25, 2013 Abstract Trastuzumab has been shown to improve the survival outcomes of HER2 positive breast cancer patients. However, a significant proportion of HER2-positive patients are either inherently resistant or develop resistance to trastuzumab. We assessed the effects of neratinib, an irreversible panHER inhibitor, in a panel of 36 breast cancer cell lines. We further assessed its effects with or without trastuzumab in several sensitive and resistant breast cancer cells as well as a BT474 xenograft model. We confirmed that neratinib was significantly more active in HER2-amplified than HER2 non-amplified cell lines. Neratinib decreased the activation of the 4 HER receptors and inhibited downstream pathways. However, HER3 and Akt were reactivated at 24 hours, which was prevented by the combination of trastuzumab and neratinib. Neratinib also decreased pHER2 and pHER3 in acquired trastuzumab resistant cells. Neratinib in combination with trastuzumab had a greater growth inhibitory effect than either drug alone in 4 HER2 positive cell lines. Furthermore, trastuzumab in combination with neratinib was growth inhibitory in SKBR3 and BT474 cells which had acquired resistance to trastuzumab as well as in a BT474 xenograft model. Innately trastuzumab resistant cell lines showed sensitivity to neratinib, but the combination did not enhance response compared to neratinib alone. Levels of HER2 and phospho-HER2 showed a direct correlation with sensitivity to neratinib. Our data indicate that neratinib is an effective anti-HER2 therapy and counteracted both innate and acquired trastuzumab resistance in HER2 positive breast cancer. Our results suggest that combined treatment with trastuzumab and neratinib is likely to be more effective than either treatment alone for both trastuzumab-sensitive breast cancer as well as HER2-positive tumors with acquired resistance to trastuzumab.",2013,24009064,OpenAlex
"HIFs, angiogenesis, and metabolism: elusive enemies in breast cancer","Hypoxia-inducible factors (HIFs) and the HIF-dependent cancer hallmarks angiogenesis and metabolic rewiring are well-established drivers of breast cancer aggressiveness, therapy resistance, and poor prognosis. Targeting of HIF and its downstream targets in angiogenesis and metabolism has been unsuccessful so far in the breast cancer clinical setting, with major unresolved challenges residing in target selection, development of robust biomarkers for response prediction, and understanding and harnessing of escape mechanisms. This Review discusses the pathophysiological role of HIFs, angiogenesis, and metabolism in breast cancer and the challenges of targeting these features in patients with breast cancer. Rational therapeutic combinations, especially with immunotherapy and endocrine therapy, seem most promising in the clinical exploitation of the intricate interplay of HIFs, angiogenesis, and metabolism in breast cancer cells and the tumor microenvironment.",2020,32870818,OpenAlex
Metformin: an old but still the best treatment for type 2 diabetes,"The management of T2DM requires aggressive treatment to achieve glycemic and cardiovascular risk factor goals. In this setting, metformin, an old and widely accepted first line agent, stands out not only for its antihyperglycemic properties but also for its effects beyond glycemic control such as improvements in endothelial dysfunction, hemostasis and oxidative stress, insulin resistance, lipid profiles, and fat redistribution. These properties may have contributed to the decrease of adverse cardiovascular outcomes otherwise not attributable to metformin's mere antihyperglycemic effects. Several other classes of oral antidiabetic agents have been recently launched, introducing the need to evaluate the role of metformin as initial therapy and in combination with these newer drugs. There is increasing evidence from in vivo and in vitro studies supporting its anti-proliferative role in cancer and possibly a neuroprotective effect. Metformin's negligible risk of hypoglycemia in monotherapy and few drug interactions of clinical relevance give this drug a high safety profile. The tolerability of metformin may be improved by using an appropiate dose titration, starting with low doses, so that side-effects can be minimized or by switching to an extended release form. We reviewed the role of metformin in the treatment of patients with type 2 diabetes and describe the additional benefits beyond its glycemic effect. We also discuss its potential role for a variety of insulin resistant and pre-diabetic states, obesity, metabolic abnormalities associated with HIV disease, gestational diabetes, cancer, and neuroprotection.",2013,23415113,OpenAlex
"Cancer chemotherapy and beyond: Current status, drug candidates, associated risks and progress in targeted therapeutics","Cancer is an abnormal state of cells where they undergo uncontrolled proliferation and produce aggressive malignancies that causes millions of deaths every year. With the new understanding of the molecular mechanism(s) of disease progression, our knowledge about the disease is snowballing, leading to the evolution of many new therapeutic regimes and their successive trials. In the past few decades, various combinations of therapies have been proposed and are presently employed in the treatment of diverse cancers. Targeted drug therapy, immunotherapy, and personalized medicines are now largely being employed, which were not common a few years back. The field of cancer discoveries and therapeutics are evolving fast as cancer type-specific biomarkers are progressively being identified and several types of cancers are nowadays undergoing systematic therapies, extending patients' disease-free survival thereafter. Although growing evidence shows that a systematic and targeted approach could be the future of cancer medicine, chemotherapy remains a largely opted therapeutic option despite its known side effects on the patient's physical and psychological health. Chemotherapeutic agents/pharmaceuticals served a great purpose over the past few decades and have remained the frontline choice for advanced-stage malignancies where surgery and/or radiation therapy cannot be prescribed due to specific reasons. The present report succinctly reviews the existing and contemporary advancements in chemotherapy and assesses the status of the enrolled drugs/pharmaceuticals; it also comprehensively discusses the emerging role of specific/targeted therapeutic strategies that are presently being employed to achieve better clinical success/survival rate in cancer patients.",2022,37397557,OpenAlex
