title,abstract,year,paperId,source
Metformin and thiazolidinediones are associated with improved breast cancer-specific survival of diabetic women with HER2+ breast cancer.,,2012,53b16a62026ee07ec3fc63de3f519d5279a0c0fb,SemanticScholar
Efficacy of alpelisib with rational use of metformin in HR+/HER2- advanced breast cancer patients with PIK3CA mutations (m): retrospective analysis in routine practice of several Russian centers,"Background. Hyperglycemia (HG) is an on-target effect of ALP, and prophylactic with metformin was shown to decrease the rate and severity of HG. Here we present efficacy and safety of ALP in a large cohort of patients with rational approach to metformin usage based on risk factors of HG. Material and Methods. Patients (pts) with HR+/HeR2- PIK3CAmut ABC were treated with ALP 300 mg orally and FUL 500 mg IM until disease progression or intolerance. the primary endpoints were progression free survival (PFS) and rate of grade 3/4 HG in different risk groups. Pts were stratified to risk groups of HG based on the algorithm before starting ALP and received MET for prevention of HG. Results. a cohort comprised 139 pts. the median PFs (mPFS) on ALP – was 7.0 (CI 95 %: 5.0–8.9). the risk of HG was assessed in 138 pts: low (47), moderate (46), and high (42) risk, and 3 pts with type 2 diabetes mellitus. any grade HG was reported in 62 % pts, no cases HG G4 were detected. HG G3 was reported in 13 % pts; 10 % pts required ALP dose reduction to 250 mg due to HG G3; 3 pts (2 %) discontinued ALP due to HG. the mPFS in our analysis was longer than in BYlieve trial in cohort C: 7.0 vs 5.6 mo. We suggest that prophylactic of HG allowed maintenance of full dose of ALP in most patients and thus increased the efficacy of ALP. Furthermore, in contrast to the METALLICA trial we distinguished a low risk group (33 %) of pts who do not need the prophylactic use of MET. Conclusion. Rational use of MET in pts with moderate and high risk of HG reduces the frequency and severity of HG, decreases the rate of ALP dose reductions and as a result may increase the efficacy of ALP. Pts with low risk of HG don’t need MET for HG prevention.",2025,a70d17ecdfa5013d1f51e1e06bffa7d74cb390b3,SemanticScholar
Co-Treatment with Sulforaphane and Nano-Metformin Molecules Accelerates Apoptosis in HER2+ Breast Cancer Cells by Inhibiting Key Molecules,"Abstract Breast cancer cell lines MCF-10, MCF-7 and BT-474 expressing various levels of HER2 were examined for their response to treatment with sulforaphane (SLFN), metformin (MTFN), Nano-MTFN or combinations. Direct correlation was found between SLFN effect on cell death and HER2 levels. Bioinformatic studies suggested the possibility of additive co-effects on cell fate by SLFN-MTFN co-treatment. This co-treatment specially with SLFN + Nano-MTFN significantly affected the survival of the cells and killed more BT-474 cells than the other two. Cell sensitivity to SLFN-MTFN combination correlated with HER2 expression levels. RT-PCR showed that parallel with cell death, expression of BCL-2, SRC, WNT1, β-catenin and CD44 are diminished, whereas BAX levels are elevated significantly. Cell co-staining indicated that apoptosis percent correlates with cell death following different treatments. We also found that cell death induced by SLFN-MTFN co-treatment is in direct correlation with HER2 levels and increased cell death correlates directly with BAX levels but inversely with levels of cancer stem cell (CSC) signaling genes and CD44. In conclusion, our data indicate that SLFN and MTFN can reduce cancer cell viability via both collaborative and differential effects and suggest that MTFN increases SLFN effectiveness by targeting common molecules/pathways downstream of HER2 and key for CSC signaling.",2020,054c0d76fe448c3cde1533944d2a700cd234bc0f,SemanticScholar
"Effect of metformin on progression-free survival outcomes in patients with advanced or metastatic HR+, HER2– breast cancer: subgroup analysis of STEPAUT",,2017,a0c24ce834c6ac79d5d581450a1e85488d7da20d,SemanticScholar
Efficacy of alpelisib (ALP) + fulvestrant (FUL) with rational use of metformin (MET) in patients with HR+/HER2- advanced breast cancer (ABC).,"1049 Background: Hyperglycemia (HG) is an on-target effect of ALP, and prophylactic with metformin was shown to decrease the rate and severity of HG. Here we present efficacy and safety of ALP in a large cohort of patients with rational approach to metformin usage based on risk factors of HG. Methods: Patients (pts) with HR+/HER2- PIK3CAmut ABC were treated with ALP 300mg orally and FUL 500mg IM until disease progression or intolerance. The primary endpoints were progression free survival (PFS) and rate of grade 3/4 HG in different risk groups. Pts were stratified to risk groups of HG based on the algorithm (table 1) before starting ALP and received MET for prevention of HG. Results: A cohort comprised 139 pts, median lines of previous treatment in ABC was 3 (1-9): 88% received CDK4/6i, 60% - FUL, and 55% - chemotherapy (77) prior to ALP. The median PFS (mPFS) on ALP - was 7.0 (CI 95%: 5.0-8.9). The risk of HG was assessed in 138 pts: low (47), moderate (46), and high (42) risk, and 3 pts with type 2 diabetes mellitus. Any grade HG was reported in 62% pts, no cases HG G4 were detected. HG G3 was reported in 13% pts; 10% pts required ALP dose reduction to 250 mg due to HG G3; 3 pts (2%) discontinued ALP due to HG. The mPFS in our analysis was longer than in BYlieve trial in cohort C: 7.0 vs 5.6 mo. We suggest that prophylactic of HG allowed maintenance of full dose of ALP in most patients and thus increased the efficacy of ALP. Furthermore, in contrast to the METALLICA trial we distinguished a low risk group (33%) of pts who don’t need the prophylactic use of MET. Conclusions: Rational use of MET in pts with moderate and high risk of HG reduces the frequency and severity of HG, decreases the rate of ALP dose reductions and as a result may increase the efficacy of ALP. Pts with low risk of HG don’t need MET for HG prevention. [Table: see text]",2024,50613e746c368b525c5dd3974e41cb20ea81ef7e,SemanticScholar
"Metformin increases survival in hormone receptor-positive, HER2-positive breast cancer patients with diabetes","IntroductionMetformin use has recently been observed to decrease both the rate and mortality of breast cancer. Our study was aim to determine whether metformin use is associated with survival in diabetic breast cancer patients by breast cancer subtype and systemic treatment.MethodsData from the Asan Medical Center Breast Cancer Database from 1997 to 2007 were analyzed. The study cohort comprised 6,967 nondiabetic patients, 202 diabetic patients treated with metformin, and 184 diabetic patients that did not receive metformin. Patients who were divided into three groups by diabetes status and metformin use were also divided into four subgroups by hormone receptor and HER2-neu status.ResultsIn Kaplan-Meier analysis, the metformin group had a significantly better overall and cancer specific survival outcome compared with non metformin diabetic group (P <0.005 for both). There was no difference in survival between the nondiabetic and metformin groups. In multivariate analysis, Compared with metformin group, patients who did not receive metformin tended to have a higher risk of metastasis with HR 5.37 (95 % CI, 1.88 to 15.28) and breast cancer death with HR 6.51 (95 % CI, 1.88 to 15.28) on the hormone receptor-positive and HER2-negative breast cancer. The significant survival benefit of metformin observed in diabetic patients who received chemotherapy and endocrine therapy (HR for disease free survival 2.14; 95 % CI 1.14 to 4.04) was not seen in diabetic patients who did not receive these treatments.ConclusionPatients receiving metformin treatment when breast cancer diagnosis show a better prognosis only if they have hormone receptor-positive, HER2-positive tumors. Metformin treatment might provide a survival benefit when added to systemic therapy in diabetic patients.",2015,795d28a00b8128912b05ad7d4c049a04600b0048,SemanticScholar
"Metformin increases survival in hormone receptor-positive, HER2-positive breast cancer patients with diabetes","Metformin use has recently been observed to decrease both the rate and mortality of breast cancer. Our study was aim to determine whether metformin use is associated with survival in diabetic breast cancer patients by breast cancer subtype and systemic treatment. Data from the Asan Medical Center Breast Cancer Database from 1997 to 2007 were analyzed. The study cohort comprised 6,967 nondiabetic patients, 202 diabetic patients treated with metformin, and 184 diabetic patients that did not receive metformin. Patients who were divided into three groups by diabetes status and metformin use were also divided into four subgroups by hormone receptor and HER2-neu status. In Kaplan-Meier analysis, the metformin group had a significantly better overall and cancer specific survival outcome compared with non metformin diabetic group (P <0.005 for both). There was no difference in survival between the nondiabetic and metformin groups. In multivariate analysis, Compared with metformin group, patients who did not receive metformin tended to have a higher risk of metastasis with HR 5.37 (95 % CI, 1.88 to 15.28) and breast cancer death with HR 6.51 (95 % CI, 1.88 to 15.28) on the hormone receptor-positive and HER2-negative breast cancer. The significant survival benefit of metformin observed in diabetic patients who received chemotherapy and endocrine therapy (HR for disease free survival 2.14; 95 % CI 1.14 to 4.04) was not seen in diabetic patients who did not receive these treatments. Patients receiving metformin treatment when breast cancer diagnosis show a better prognosis only if they have hormone receptor-positive, HER2-positive tumors. Metformin treatment might provide a survival benefit when added to systemic therapy in diabetic patients.",2015,cd8dcb7a6b1e82c69a2eee05c2c8fe99b00eab4f,SemanticScholar
Metformin and its derivatives in breast cancer: from glycaemic control to tumor-intrinsic pathways,"Breast cancer (BC) remains the most commonly diagnosed malignancy among women worldwide, with metabolic dysregulation of glucose and hyperinsulinemia increasingly recognised as contributors to its development and progression. However, despite accumulating evidence linking metabolic imbalances to tumorigenesis, the precise therapeutic opportunities arising from targeting these metabolic pathways remain insufficiently defined. To explore the potential of metformin and its derivatives, in combination with other anticancer agents, to suppress BC cell proliferation by targeting glucose metabolism. Preclinical and epidemiological evidence indicates that metformin may reduce BC incidence and improve survival, with particularly pronounced benefits observed in triple-negative and Human Epidermal Growth Factor Receptor 2(HER2) positive subtypes, especially when used in combination with chemotherapy or targeted therapies. The drug’s anticancer potential is mediated through both systemic and tumor-intrinsic mechanisms. Systemically, metformin enhances insulin sensitivity and suppresses hepatic glucose production, thereby lowering circulating insulin and IGF-1 levels and attenuating growth factor–driven proliferation. At the tumor level, it activates AMP-activated protein kinase, inhibits the mammalian target of rapamycin pathway, disrupts mitochondrial oxidative phosphorylation, and induces apoptosis through metabolic stress. In addition, novel biguanide derivatives have demonstrated superior antitumor efficacy by inducing cell-cycle arrest at the G0/G1 and G2/M phases and inhibiting cancer cell migration, underscoring the therapeutic promise of structural modifications. However, despite these encouraging findings, restuls from large clinical trials have been inconsistent, particularly in non-diabetic populations, and the extent to which metformin’s metabolic effects translate into direct oncologic benefit remains unclear. Importantly, elevated systemic insulin and IGF-1 remain key drivers of mitogenic and anti-apoptotic signaling in breast epithelial cells, reinforcing the rationale for targeting metabolic vulnerabilities in BC prevention and therapy. Metformin and its derivatives exert dual anticancer effects by modulating systemic insulin signaling and targeting tumor-intrinsic pathways. Nevertheless, inconsistencies between preclinical efficacy and clinical outcomes highlight the need for biomarker-guided approaches and deeper investigation into tumour-specific metabolic contects. These complementary mechanisms highlight their potential in precision BC therapy, warranting biomarker-driven studies and optimized therapeutic combinations.",2025,6964acddcf7f4f098e3c925df39364f65ffee6f2,SemanticScholar
Abstract P3-11-17: A Randomized Phase II Trial of Neo-adjuvant Chemotherapy with Metformin or Placebo for HER-2 Positive Operable Breast Cancer (The HERMET Trial),"
 Background: Human epidermal growth factor receptor 2 (HER-2) is overexpressed in 15-20% of breast cancer (BC). Pathologic complete response (pCR) after HER-2 directed chemotherapy is an important surrogate marker for survival in HER-2+ operable BC. Patients with diabetes who receive metformin have a lower risk of metastasis in HER-2+ breast cancer. Metformin’s inhibition of PI3K/AKT/mTOR pathway through IGF receptor inhibition has been proposed as a possible mechanism. However, its clinical benefit as an anticancer agent is not clear. We conducted a randomized, placebo-controlled study to assess the impact of adding metformin or placebo to neoadjuvant docetaxel, carboplatin, trastuzumab and pertuzumab (TCH-P) in HER2 positive breast cancer. Methods: Patients with HER-2+ operable breast cancer with at least 2 cm breast primary and/or axillary lymph node positive disease were eligible. HER-2 positivity was defined by the current ASCO-CAP guidelines. Patients were randomized 1:1 to receive neoadjuvant TCH-P every 3 weeks for 6 cycles, plus placebo (N=30) or metformin (N=31). Metformin dose was ramped up over the first 3 cycles to a target of 1500 mg twice daily on days 8-21 of each cycle. Breast surgery was performed 3-6 weeks after final chemotherapy cycle. The primary endpoint was pCR in breast and axilla. Subjects with unevaluable pCR were treated as non-responders for intent-to-treat analyses. Results: 61 patients were enrolled between 8/17/2017 and 03/21/2023. Median age was 51 years. 51% of the patients had node positive disease and 67% had estrogen receptor (ER) positive breast cancer. Among all patients pCR in both breast and axilla was 43.3% in TCH-P plus placebo group and 54.8% in the metformin group (p= 0.37). In patients with ER+ breast cancer pCR was 42.9% in placebo group and 40.0% in metformin group (p=0.85). Grade ≥3 adverse events occurred in 40% of placebo subjects and 48% of metformin subjects. Grade 3 diarrhea occurred in 29% of the patients in the metformin group compared to 17% in the placebo group. Conclusions: Metformin added to TCH-P neoadjuvant chemotherapy does not significantly improve pCR rate in HER-2+ breast cancer. Grade ≥3 diarrhea was greater in the metformin group.
 Citation Format: Maire Okoniewski, Cory Bivona, Colleen Bohnenkamp, Francisco Diaz, Junqiang Dai, Lauren Nye, Anne O'Dea, Kelsey Larson, Deepti Satelli, Jamie Wagner, Christa Balanoff, Lyndsey Kilgore, Stephanie Lafaver, Jamie Heldstab, Priyanka Sharma, Qamar Khan. A Randomized Phase II Trial of Neo-adjuvant Chemotherapy with Metformin or Placebo for HER-2 Positive Operable Breast Cancer (The HERMET Trial) [abstract]. In: Proceedings of the San Antonio Breast Cancer Symposium 2024; 2024 Dec 10-13; San Antonio, TX. Philadelphia (PA): AACR; Clin Cancer Res 2025;31(12 Suppl):Abstract nr P3-11-17.",2025,001b8c38194f07f889c6e410b8418e95aea44392,SemanticScholar
Effect of Metformin vs Placebo on Invasive Disease-Free Survival in Patients With Breast Cancer: The MA.32 Randomized Clinical Trial.,,2022,8f0e6c9db22fb54f673bf7f05a6dacb7c01657a7,SemanticScholar
Estrogen Receptor Is Required for Metformin-Induced Apoptosis in Breast Cancer Cells Under Hyperglycemic Conditions,"Backgrounds: About 25% to 30% of estrogen receptor (ER)-positive breast cancer patients develop resistance to endocrine therapy. Human epidermal growth factor receptor 2 (HER2) has been shown to cooperate with several growth factors that regulate cellular energy metabolism, including the insulin-like growth factor 1 receptor (IGF-1R). Objective: As the first-line therapy for type 2 diabetes mellitus (T2DM) patients, metformin is widely known to inhibit the metabolic reprogramming of cancer cells. This study aims to investigate metformin’s efficacy in inhibiting endocrine resistance related to genes regulating energy metabolism in both ER-positive and ER-negative breast cancer cell lines under hyperglycemic conditions. Design and methods: MDA-MB-361 (ER-positive, HER2-positive) and SKBR3 (ER-negative, HER2-positive) cancer cell lines were used to represent ER status. Cell viability and cell survival rate were measured using the colorimetric assay of Cell Counting Kit-8. All mRNA levels were quantified using real-time quantitative polymerase chain reaction preceded by reverse transcription. A P value of <.05 was considered statistically significant. Results: Unlike MDA-MB-361, SKBR3 were found to acquire resistance upon metformin treatment in hyperglycemic conditions. Moreover, the mRNA expression of IGF-1R and its downstream signaling, such as the mammalian target of rapamycin (mTOR), was not affected by metformin. Meanwhile, the mRNA expression level of ribosomal S6 kinase 1 (S6K1) was upregulated, whereas forkhead box O1 (FOXO1) was downregulated after metformin treatment in hyperglycemic conditions. Conclusions: This preliminary study suggests that an alternative pathway of metformin resistance may exist in the absence of ERα. Therefore, relying solely on metformin may be inadequate to inhibit the aggressiveness of breast cancer cells. Plain Language Summary Navigating metformin’s impact on breast cancer: insights into resistance, alternative pathways, and the crucial role of estrogen receptor under high-glucose conditions Around 25% to 30% of breast cancer patients with estrogen receptor (ER)-positive tumors become resistant to hormone therapy. This study explores whether metformin, a drug commonly used for type 2 diabetes, can counteract this resistance by affecting genes linked to energy metabolism. The research focused on both ER-positive (MDA-MB-361) and ER-negative (SKBR3) breast cancer cell lines under high-glucose conditions. Results showed that although metformin inhibited the growth of ER-positive cells, it surprisingly promoted resistance in ER-negative cells. The expression of insulin-like growth factor 1 receptor (IGF-1R) and its downstream signals like mammalian target of rapamycin (mTOR) remained unaffected by metformin. However, metformin did alter the expression of other genes related to energy metabolism, suggesting that a different resistance pathway might exist in ER-negative cases. In conclusion, this early study implies that relying solely on metformin might not be sufficient to combat the aggressiveness of breast cancer cells, particularly in cases lacking ERα. More research is needed to understand alternative pathways and develop more effective strategies against resistance.",2024,bb29d40a9c960d0e8f16a201f4bc90f322029674,SemanticScholar
Potential intrinsic subtype dependence on the association between metformin use and survival in surgically resected breast cancer: a Korean national population-based study,,2021,44d38df6e19ecaa87ff4f0b29737842ed0e9caa8,SemanticScholar
"Efficacy and safety of the combination of metformin, everolimus and exemestane in overweight and obese postmenopausal patients with metastatic, hormone receptor-positive, HER2-negative breast cancer: a phase II study","SummaryBackground Increased adiposity is thought to result in worse clinical outcomes in patients with breast cancer through increased estrogen production, hyperinsulinemia, insulin resistance, and activation of the phosphatidylinositol-3-kinase/AKT/mammalian target of rapamycin (mTOR) pathway. Thus, we hypothesized that the addition of metformin to everolimus and exemestane, could lead to better outcomes in overweight and obese patients with metastatic, hormone receptor-positive, HER2-negative breast cancer. We conducted a phase II trial to evaluate the efficacy and safety of the combination of metformin, everolimus and exemestane in overweight and obese postmenopausal women with metastatic, hormone receptor-positive, HER2-negative breast cancer. Methods Twenty-two patients with a body mass index ≥25 kg/m2 were treated with metformin 1000 mg twice daily, everolimus 10 mg daily and exemestane 25 mg daily. Median progression-free (PFS) and overall survival (OS) were estimated using the Kaplan-Meier method. Results Median PFS and OS were 6.3 months (95% confidence interval [CI]: 3.8–11.3 months) and 28.8 months (95% CI: 17.5–59.7 months), respectively. Five patients had a partial response and 7 had stable disease for ≥24 weeks yielding a clinical benefit rate of 54.5%. Compared with overweight patients, obese patients had an improved PFS on univariable (p = 0.015) but not multivariable analysis (p = 0.215). Thirty-two percent of patients experienced a grade 3 treatment-related adverse event (TRAE). There were no grade 4 TRAEs and 7 patients experienced a grade 3 TRAE. Conclusion The combination of metformin, everolimus and exemestane was safe and had moderate clinical benefit in overweight and obese with patients metastatic, hormone receptor-positive, HER2-negative breast cancer.",2019,079140fe89e7d9856d0191b5241d0b33421b9d78,SemanticScholar
Potential Intrinsic Subtype Dependence on the Association Between Metformin Use and Survival in Surgically Resected Breast Cancer: A Korean National Population-Based Study.,"PURPOSE/OBJECTIVE(S)
Numerous studies have suggested that metformin treatment can increase breast cancer survival; however, it is unclear whether its effects interact with intrinsic subtype or diabetic status. Therefore, we conducted a large nationwide study to assess this in women with surgically resected invasive breast cancer.


MATERIALS/METHODS
Patients with newly diagnosed breast cancer between 2007 and 2016 were identified using the national health insurance claims database of South Korea. Metformin or other drug exposure was defined as medication for ≥ 90 days. Breast cancer subtypes were classified into four groups based on hormonal therapy and anti-HER2 treatment.


RESULTS
A total of 117,333 patients were included (median follow-up duration, 90 months). Type 2 diabetes mellitus (T2DM) affected significantly overall survival (OS, 7-year, 89.7% vs. 92.4%, P < 0.001). A significant interaction was found between the use of metformin and insulin in patients with diabetes (P = 0.018). Thus, the subsequent analysis was limited to these patients and propensity score-matching was performed. We found significantly increased OS in patients treated with metformin (7-year OS, 88.3% vs. 85.6%, P < 0.001). Interestingly, a significant effect was observed in the hormonal therapy+/HER2 targeted therapy- group (P < 0.001), whereas no specific association was observed in the hormonal therapy-/HER2 targeted therapy- group (P = 0.220).


CONCLUSION
Metformin administration may be associated with reduced mortality in patients with surgically resected breast cancer, particularly the luminal A type. Clinical trials investigating metformin as a combination agent in breast cancer should stratify patients by intrinsic subtype, the presence of T2DM, and insulin use.",2021,a0f2cdc6d70a45664f7409059431a6d6d79992c0,SemanticScholar
"Metformin plus chemotherapy versus chemotherapy alone in the first-line treatment of HER2-negative metastatic breast cancer. The MYME randomized, phase 2 clinical trial",,2018,3d4ed9a425f5d7dfe2ba62220a80ff483c4e262f,SemanticScholar
Predictors of pathologic complete response following neoadjuvant TCHP in HER2-positive breast cancer.,"
 e12519
 
 
 Background:
 In HER2+ breast cancer (BC), pathologic complete response (pCR) following HER2-directed neoadjuvant therapy is an established surrogate marker for long-term survival. In a HERMET trial, the addition of metformin to standard docetaxel, carboplatin, trastuzumab and pertuzumab (TCHP) did not result in a significant improvement in pCR rates. We performed a post hoc analysis of all participants enrolled in the HERMET trial to identify pathologic predictors of pCR.
 Methods:
 This single-center study enrolled 61 patients with operable HER2+ BC (tumor ≥2 cm and/or node-positive) who were randomized 1:1 to neoadjuvant TCHP for 6 cycles + placebo (n = 30) or metformin (n = 31). The primary endpoint was pCR, defined as the absence of residual invasive disease in the breast and axillary lymph nodes at the time of surgery. Logistic regression was performed using a prespecified multivariable model that included estrogen receptor (ER) status (0–9% vs ≥10%), HER2 category (IHC 3+ vs 2+), and Ki-67.
 Results:
 61 patients were enrolled between August 17, 2017, and March 21, 2023; median age was 51 years. Overall, pCR was achieved in 30 of 61 (49.2%). HER2 IHC 3+ disease was present in 53 (86.9%), while 8 (13.1%) had HER2 IHC 2+ FISH positive disease. pCR occurred in 29 of 53 (54.7%) with HER2 IHC 3+ tumors compared with 1 of 8 (12.5%) with HER2 IHC 2+ tumors (Fisher’s exact p = 0.053). Ki-67 was available for 51 patients. Median Ki-67 was higher among patients who achieved pCR compared with those who did not (40% vs 32%). On univariate analysis, higher Ki-67 was associated with increased odds of pCR (odds ratio [OR] 1.03 per 1% increase; p = 0.028). In the prespecified multivariable model including ER status and HER2 category (N = 61), ER 0–9% was independently associated with higher odds of pCR compared with ER ≥10% (adjusted OR 2.7; 95% CI, 1.0–7.6; p = 0.049). HER2 IHC 3+ disease demonstrated a large but statistically borderline association with pCR compared with HER2 IHC 2+ disease (adjusted OR 7.8; 95% CI, 0.9–70; p = 0.061).
 Conclusions:
 Although patients with HER2+ BC defined as IHC 2+ with FISH amplification are treated similarly to those with IHC 3+ disease, their pCR rates were comparable to those observed in hormone receptor–positive, HER2-negative BC.
 
 Clinical trial information:
 NCT03238495
 
 .
 
 
 pCR by ER status and HER2 category.
 
 
 
 
 Variable
 Group
 N
 pCR N (%)
 
 
 
 
 ER
 0-9%
 23
 15 (65.2)
 
 
 
 ≥10%
 38
 15 (39.5)
 
 
 HER2
 2+
 8
 1 (12.5)
 
 
 
 3+
 53
 29 (54.7)
 
 
 
 
",2026,22cd45db161dec803246f31926d28080d1f591f7,SemanticScholar
"Abstract PS4-08-11: Standardized Definitions for Efficacy End Points (STEEP, STEEP2) in the CCTG MA.32 randomized breast cancer trial of metformin versus placebo: Implications of the type of recurrence and new non-breast cancer primary on outcome assessment","
 
 
 STEEP criteria were developed to standardize interpretation of adjuvant breast cancer (BC) clinical trial outcomes. Invasive disease-free survival (IDFS), defined as time from randomization to the earliest occurrence of invasive local, regional, or distant recurrence, new primary invasive cancers (breast or non-breast), and death due to any cause, was initially recommended as a preferred optimal outcome in STEEP (Hudis JCO 2007). Non-breast primary cancers were excluded in Invasive BC-Free Survival (IBCFS) in STEEP 2 (Tolaney JCO 2021). We examine these STEEP outcomes, as well as Distant Recurrence-Free Survival (DRFS), BC Specific Survival (BCSS) and Overall Survival (OS) in CCTG MA.32.
 
 
 
 MA.32 (NCT01101438) evaluated the efficacy of metformin versus placebo among 3,649 non-diabetic women with high-risk early BC enrolled between 2010 and 2013. The previously reported analysis of the primary outcome measure (IDFS) and OS showed no metformin benefit on hormone receptor positive or negative BC (any HER2) but suggested a beneficial effect in HER2+ BC (Goodwin JAMA 2022). We summarized individual components of IDFS across BC subtypes- luminal (ER/PR+, HER2-), triple negative (TN; ER/PR/HER2-), HER2+ (any ER/PR) and analyzed treatment effect (metformin versus placebo) on IDFS, IBCFS, DRFS, BCSS and OS to determine whether conclusions regarding treatment efficacy differed by endpoint selection. Statistical methods included Cox regression models and log rank tests. All analyses were two-sided and statistical significance was defined at the p=0.05 level.
 
 
 
 In the overall population, 710 patients experienced an invasive cancer event; 127 (17.9%) of these events were local/regional. The majority of events were distant recurrences (luminal 55.8%, TN 47.5%, HER2+ 54.5%) and a minority were new non-breast primary cancers (luminal 20.4%, TN 15.2%, HER2+ 20.2%). Within each BC subtype, there was little variation in the hazard ratios (HRs) comparing metformin to placebo and no difference in statistical significance across outcomes (IDFS, IBCFS, DRFS, BSCC, OS). The types of events and HRs for efficacy endpoints of interest are summarized by subtype in the Table.
 
 
 
 MA.32 enrolled patients with high risk breast cancer, resulting in a predominance of distant breast cancer recurrences. All endpoints provided similar information regarding metformin efficacy across BC subtypes regardless of whether metformin was ineffective (luminal, TN) or showed potential efficacy in an exploratory analysis (HER2+) in this trial where most events were distant recurrences.
 
 
 
 K. J. Jerzak, W. R. Parulekar, B. E. Chen, A. E. Lohmann, P. J. Goodwin. Standardized Definitions for Efficacy End Points (STEEP, STEEP2) in the CCTG MA.32 randomized breast cancer trial of metformin versus placebo: Implications of the type of recurrence and new non-breast cancer primary on outcome assessment [abstract]. In: Proceedings of the San Antonio Breast Cancer Symposium 2025; 2025 Dec 9-12; San Antonio, TX. Philadelphia (PA): AACR; Clin Cancer Res 2026;32(4 Suppl):Abstract nr PS4-08-11.
",2026,f7cf602cb1d5f92c5e23bbcd3109f1fd6f0f8756,SemanticScholar
GLP-1 therapy and hormone receptor–positive breast cancer risk and survival: A real-world analysis.,"
 10548
 
 
 Background:
 Glucagon-like peptide-1 receptor agonists (GLP-1 RAs) are increasingly used for weight management and cardiometabolic risk (CMR) reduction, yet their association with breast cancer (BC) incidence and survival in non-diabetic women with elevated BMI remains unclear. We evaluated the relationship between GLP-1 RA exposure and incident BC, as well as overall survival (OS), in a large real-world (RW) cohort of women without laboratory-defined diabetes.
 Methods:
 We conducted a retrospective cohort study using the TriNetX US Collaborative Network including female patients (pts) with BMI 25–35 kg/m². Age <50 vs ≥50 years served as proxies for pre- and postmenopausal status, with a ≥50 sensitivity analysis to assess age/menopause confounding. Pts with HbA1c ≥6.5% or prior BC were excluded. Cohorts were propensity score matched (PSM) on age at index, BMI, metformin and statin exposure, BRCA mutation status, hormonal contraceptive use, parity, breastfeeding history, and smoking status. The primary endpoint was incident HR+/HER2− BC, summarized as incidence proportion and risk reduction estimates; secondary analyses evaluated HR+/HER2+, HR−/HER2+, and triple-negative breast cancer (TNBC). OS was evaluated using Kaplan–Meier and Cox regression.
 Results:
 After PSM, 148,709 pts were included (mean age 45.8 ± 9.54 years in both cohorts). Over a median 36-month follow-up, incident HR+/HER2− BC was lower with GLP-1 RA vs controls (0.29% vs 0.33%), with an absolute difference −0.04% (95% CI −0.081 to −0.001%; P=0.046) and RR 0.88 (95% CI 0.77–0.99). OS was improved with GLP-1 RA vs controls (HR 0.75, 95% CI 0.65–0.86; P<0.0001). No difference in BC incidence was found for HR+/HER2+ (RR 0.98, 95% CI 0.86–1.12) or HR− subtypes, including HR−/HER2+ BC (RR 0.83, 95% CI 0.55–1.23) and TNBC (RR 0.68, 95% CI 0.41–1.12). Findings for HR+/HER2− were consistent across menopausal strata (Table). In the postmenopausal cohort (n=91,577; mean age 63.3 ± 6.88 vs 62.4 ± 6.52 years), GLP-1 RA exposure was also associated with lower incidence of HR+/HER2− BC (RR 0.93, 95% CI 0.86–0.99) and improved OS (HR 0.87, 95% CI 0.81–0.94; P=0.0003).
 Conclusions:
 In a large non-diabetic cohort of women with BMI 25–35 kg/m² and no prior BC, GLP-1 RA exposure was associated with a modest reduction in incident HR+/HER2− BC and improved OS. Despite limited follow-up and age-based menopausal proxies, these findings provide RW evidence supporting prospective validation with standardized exposure definitions and longer follow-up. Future studies should clarify whether GLP-1 RAs confer direct antitumor effects or indirect benefits mediated through weight loss and CMR reduction and identify pts most likely to derive BC risk and survival benefit.
 
 
 GLP-1 RA and HR+/HER2− BC outcomes.
 
 
 
 
 
 RR (Breast Cancer Incidence)
 HR (Overall Survival)
 
 
 
 
 Age <50
 0.88 (0.77–0.99)
 0.75 (0.65–0.86)
 
 
 Age ≥50
 0.93 (0.86–0.99)
 0.87 (0.81–0.94)
 
 
 
 
",2026,39ff30ef78130d888ffee66fb9354ac8489eb314,SemanticScholar
ANTI-INSULIN RESISTANCE TREATMENTS SUPPRESS HER2+ BREAST CANCER GROWTH VIA ALTERING METABOLISM,,2014,88bae687e95c2cf4ef58aa74a221d06758f3d47f,SemanticScholar
"Abstract GS1-08: CCTGMA.32, a phase III randomized double-blind placebo controlled adjuvant trial of metformin (MET) vs placebo (PLAC) in early breast cancer (BC): Results of the primary efficacy analysis (clinical trials.gov NCT01101438)","
 Background: MET has been associated with beneficial anti-cancer effects in epidemiologic and preclinical research. It may act indirectly by reversing obesity associated physiologic changes or directly via mitochondrial mediated effects on LKB1/AMPK/mTOR and other mechanisms. MA.32 investigated the effect of MET vs PLAC (in addition to standard therapy) on adjuvant BC outcomes. Design: Randomized, placebo-controlled double-blind Phase III clinical trial conducted within the NCI US National Clinical Trials Network, NCRI (UK) BG, IBCSG. Methods: Between 2010-2013 BC patients < 75 yo without diabetes (DM) with high risk T1-3, N0-3 M0 BC regardless of ER, PgR, HER2 and with adequate cardiac, renal and hepatic function were randomized (stratified for ER/PgR + vs -, BMI < vs > 30 kg/m2, HER2 +ve vs -ve, any vs no chemo) within 1 year of BC diagnosis to MET 850 mg po bid or PLAC bid for 5 years. Dose was reduced for toxicity with re-escalation when possible. Subjects were followed for Invasive Disease-Free Survival (IDFS primary outcome; events included invasive local/regional recurrences, distant recurrences, new ipsilateral/contralateral invasive BCs, new non-breast primary cancers, any death), Overall Survival (OS), Distant Relapse Free Survival (DRFS), BC Specific Survival (BCSS), BC Free Interval (BCFI), contralateral BC and cardiovascular (CV) events/new DM. 3582 subjects were required for 80% power to detect HR 0.76 (431 events). In 2011, entry was restricted to higher risk BC, leading to 80% power to detect HR 0.785 (544 events). In 2016, after the 2nd interim analysis at 29.5 months median F/U, the DSMB recommended (i) the intervention be continued with primary analysis triggered at 544 events be conducted in ER/PgR +ve (any HER2) subjects only and (ii) ER/PgR -ve subjects stop study drug for futility but blinding and follow-up continue. In 2021, a time driven analysis in ER/PgR +ve BC was approved (465 events providing 80% power to detect the original HR 0.76). Time to event survival described by the Kaplan-Meier method. Two-sided log-rank tests adjusting for stratification factors were primarily used to compare IDFS between arms. Cox proportional hazards models were used to identify and adjust for factors significantly related to IDFS. Results: 3649 subjects were enrolled. In the 2533 ER/PgR +ve subjects included in the primary analysis, baseline mean (± SD) age was 52.7 (±9.9 yrs); mean BMI 28.8 (±6.4) kg/m2. Baseline tumor characteristics were balanced: T stage 1/2/3/4 = 832/1351/349/1; N stage 0/1/2/3 = 964/1097/449/23; HER2+ 429. 1901 (75%) received XRT. 2150 (84.9%) received (neo)adj chemo, 2223 (87.8%) (neo)adj hormones and 434 (17.1%) HER2 targeted therapy. Any Grade ≥ 3 toxicity was similar in MET and PLAC arms (21.7% and 18.7%, P = 0.06). Median follow-up was 96.2 (range 0.2-121.0) months with 465 IDFS events (234 MET, 231 PLAC, 76% due to BC). Efficacy results are shown below.
 MET vs PLACMET vs PLACIDFSOSPopulation Included# subjectsHR (95% CI)HR (95% CI)PRIMARY ANALYSISER/PgR +ve (any HER2)*25331.01 (0.84-1.21). P=0.920.89 (0.64-1.23). P=0.46ER/PgR -ve (any HER211161.01 (0.79-1.30. P=0.92)0.89 (0.64-1.23). P=0.46Exploratory. AnalysisHER2 +ve (any ER/PgR)6200.64 (0.43-0.95. P=0.0260.53 (0.30-0.98. P=0.0398**in ER/PgR pos BC HRs were similar for BCFI, DRFS, BCSS (ranging from 0.98-1.09)Conclusions: MET did not improve IDFS or other BC outcomes in ER/PgR positive or ER/PgR negative BC and should not be used as adjuvant treatment. Exploratory findings suggesting benefit in HER2+ve BC should be further investigated. Funded by: CCSRI, NCI (US), CBCF, BCRF, CRUK, Hold’Em for Life Charity, Apotex (Canada)
 Citation Format: Pamela J. Goodwin, Bingshu E Chen, Karen A Gelmon, Timothy J Whelan, Marguerite Ennis, Julie Lemieux, Jennifer A Ligibel, Dawn L Hershman, Ingrid A Mayer, Timothy J Hobday, Judith M Bliss, Priya Rastogi, Manuela Rabaglio-Poretti, Som D. Mukherjee, Robert R Mackey, Vandana G Abramson, Conrad Oja, Robert Wesolowski, Alastair M Thompson, Daniel W Rea, Paul M Stos, Lois E Shepherd, Vuk Stambolic, Wendy R Parulekar. CCTGMA.32, a phase III randomized double-blind placebo controlled adjuvant trial of metformin (MET) vs placebo (PLAC) in early breast cancer (BC): Results of the primary efficacy analysis (clinical trials.gov NCT01101438) [abstract]. In: Proceedings of the 2021 San Antonio Breast Cancer Symposium; 2021 Dec 7-10; San Antonio, TX. Philadelphia (PA): AACR; Cancer Res 2022;82(4 Suppl):Abstract nr GS1-08.",2022,361f3f2fde3af1425113dd6a5f9a0f92985c4869,SemanticScholar
CA15-3/MUC1 in CCTG MA-32 (NCT01101438): A phase III RCT of the effect of metformin vs. placebo on invasive disease free and overall survival in early stage breast cancer (BC).,,2018,5ba9df9b816eceac9b15aa8580fb0005a5809b13,SemanticScholar
Cyclin G2 promotes cell cycle arrest in breast cancer cells responding to fulvestrant and metformin and correlates with patient survival,,2016,d91bd88a02ed6b62909a1c9a09853c974e15c980,SemanticScholar
The impact of long-standing metformin use on survival in breast cancer patients.,,2016,371e87467d27fb79b1d71f3e5455f6c04198be01,SemanticScholar
"Impact of Diabetes, Insulin, and Metformin Use on the Outcome of Patients With Human Epidermal Growth Factor Receptor 2-Positive Primary Breast Cancer: Analysis From the ALTTO Phase III Randomized Trial.",,2017,5d3017fd6e8a3c07da12f56fa83add8d96b7c4ea,SemanticScholar
Metformin Sensitizes Triple-Negative Breast Cancer to Proapoptotic TRAIL Receptor Agonists by Suppressing XIAP Expression,"AbstractPurpose
Despite robust antitumor activity in diverse preclinical models, TNF-related apoptosis-inducing ligand (TRAIL) receptor agonists have not demonstrated efficacy in clinical trials, underscoring the need to identify agents that enhance their activity. We postulated that the metabolic stress induced by the diabetes drug metformin would sensitize breast cancer cells to TRAIL receptor agonists.MethodsHuman triple (estrogen receptor, progesterone receptor, and HER2)-negative breast cancer (TNBC) cell lines were treated with TRAIL receptor agonists (monoclonal antibodies or TRAIL peptide), metformin, or the combination. The effects on cell survival, caspase activation, and expression of TRAIL receptors and the antiapoptotic protein XIAP were determined. In addition, XIAP was silenced by RNAi in TNBC cells and the effects on sensitivity to TRAIL were determined. The antitumor effects of metformin, TRAIL, or the combination were evaluated in an orthotopic model of metastatic TNBC.ResultsMetformin sensitized diverse TNBC cells to TRAIL receptor agonists. Metformin selectively enhanced the sensitivity of transformed breast epithelial cells to TRAIL receptor agonist-induced caspase activation and apoptosis with little effect on untransformed breast epithelial cells. These effects of metformin were accompanied by robust reductions in the protein levels of XIAP, a negative regulator of TRAIL-induced apoptosis. Silencing XIAP in TNBC cells mimicked the TRAIL-sensitizing effects of metformin. Metformin also enhanced the antitumor effects of TRAIL in a metastatic murine TNBC model.ConclusionsOur findings indicate that metformin enhances the activity of TRAIL receptor agonists, thereby supporting the rationale for additional translational studies combining these agents.",2017,72a601222124cefca8546e507574c484299f2c6c,SemanticScholar
A system biology study of the molecular mechanism of Metformin on breast cancer,,2019,be9178248cb1c76a57fceed8abf1b6435ae85d25,SemanticScholar
Diabetes: Metformin in breast cancer,,2017,b9a6c9e41094f6c2024432e961c01da8cde962ba,SemanticScholar
Antiproliferative Effects of Metformin in Triple Negative MDA‐MB 231 Breast Cancer Cells Exposed to Glucose‐Starved And 2‐Deoxyglucose,,2018,bd2bf65f5e14042180a2345f074ee2e37a6f1ccf,SemanticScholar
Metformin Effects on Malignant Cells and Healthy PBMC; The Influence of Metformin on the Phenotype of Breast Cancer Cells,,2015,f042e4bfe935984002bb025ae149d842f71f7108,SemanticScholar
mTOR inhibitors and the anti-diabetic biguanide metformin: new insights into the molecular management of breast cancer resistance to the HER2 tyrosine kinase inhibitor lapatinib (Tykerb®),,2009,5c5a5d30d3fad9ed627dc26ef3ad3a10ccac3bd8,SemanticScholar
"Activation of EGFR, HER2 and HER3 by neurotensin/neurotensin receptor 1 renders breast tumors aggressive yet highly responsive to lapatinib and metformin in mice","A present challenge in breast oncology research is to identify therapeutical targets which could impact tumor progression. Neurotensin (NTS) and its high affinity receptor (NTSR1) are up regulated in 20% of breast cancers, and NTSR1 overexpression was shown to predict a poor prognosis for 5 year overall survival in invasive breast carcinomas. Interactions between NTS and NTSR1 induce pro-oncogenic biological effects associated with neoplastic processes and tumor progression. Here, we depict the cellular mechanisms activated by NTS, and contributing to breast cancer cell aggressiveness. We show that neurotensin (NTS) and its high affinity receptor (NTSR1) contribute to the enhancement of experimental tumor growth and metastasis emergence in an experimental mice model. This effect ensued following EGFR, HER2, and HER3 over-expression and autocrine activation and was associated with an increase of metalloproteinase MMP9, HB-EGF and Neuregulin 2 in the culture media. EGFR over expression ensued in a more intense response to EGF on cellular migration and invasion. Accordingly, lapatinib, an EGFR/HER2 tyrosine kinase inhibitor, as well as metformin, reduced the tumor growth of cells overexpressing NTS and NTSR1. All cellular effects, such as adherence, migration, invasion, altered by NTS/NTSR1 were abolished by a specific NTSR1 antagonist. A strong statistical correlation between NTS-NTSR1-and HER3 (p< 0.0001) as well as NTS-NTSR1-and HER3- HER2 (p< 0.001) expression was found in human breast tumors. Expression of NTS/NTSR1 on breast tumoral cells creates a cellular context associated with cancer aggressiveness by enhancing epidermal growth factor receptor activity. We propose the use of labeled NTS/NTSR1 complexes to enlarge the population eligible for therapy targeting HERs tyrosine kinase inhibitor or HER2 overexpression.",2014,d013a7890f3f810e0a295df0711168ca577c9b41,SemanticScholar
Abstract PD03-04: Discovery of metformin derivatives with potent antitumor activity in triple-negative breast cancer,,2012,0f3b1dc05d06acb074812f1c824c2a75ef6539e4,SemanticScholar
Targeting AMPK for Cancer Therapy: Metabolic Reprogramming as a Therapeutic Strategy,"AMP-activated protein kinase (AMPK) is a highly conserved serine/threonine kinase that functions as a central regulator of cellular energy status. In cancer, where metabolic reprogramming enables rapid proliferation and survival under stress, AMPK functions as a metabolic checkpoint that restrains tumor growth by inhibiting biosynthetic pathways and promoting catabolic processes, such as autophagy and fatty acid oxidation. Given its role in opposing many hallmarks of cancer metabolism, AMPK has attracted significant interest as a therapeutic target. This review examines the molecular mechanisms by which AMPK influences tumor progression and evaluates the preclinical and clinical evidence for pharmacological AMPK activation using agents such as metformin, phenformin, and canagliflozin. While promising anti-tumor effects have been reported in specific contexts—such as HER2-positive breast cancer, colorectal cancer, and metabolically distinct lung cancer subtypes—clinical efficacy remains variable. Limitations include indirect activation mechanisms, low tissue penetrance, tumor heterogeneity, and lack of reliable biomarkers for patient selection. We discuss emerging strategies to overcome these challenges, including combination therapies, metabolic stratification, and the development of direct AMPK activators or mRNA-based delivery platforms. Together, these insights support a renewed focus on AMPK as a modifiable node in cancer metabolism and a candidate for integration into precision oncology frameworks.",2025,33f9fe32addc45e0e116ae1b3a6cfa5d6734699f,SemanticScholar
Exploration of BMI and circulating metabolic factors as predictors of metformin benefit in CCTG MA.32.,,2026,3913943c786bdd3ac646d53bd04857009948ffc2,SemanticScholar
Effects of Administered Cardioprotective Drugs on Treatment Response of Breast Cancer Cells.,,2016,5d5c93809e99f0f9ac7aa8c7dfb1168d94d982f3,SemanticScholar
Metabolic heterogeneity in TNBCs: A potential determinant of therapeutic efficacy of 2-deoxyglucose and metformin combinatory therapy.,"Breast cancers (BCs) remain the leading cause of cancer-related deaths among women worldwide. Among the different types of BCs, treating the highly aggressive, invasive, and metastatic triple-negative BCs (TNBCs) that do not respond to hormonal/human epidermal growth factor receptor 2 (HER2) targeted interventions since they lack ER/PR/HER2 receptors remains challenging. While almost all BCs depend on glucose metabolism for their proliferation and survival, studies indicate that TNBCs are highly dependent on glucose metabolism compared to non-TNBC malignancies. Hence, limiting/inhibiting glucose metabolism in TNBCs should curb cell proliferation and tumor growth. Previous reports, including ours, have shown the efficacy of metformin, the most widely prescribed antidiabetic drug, in reducing cell proliferation and growth in MDA-MB-231 and MDA-MB-468 TNBC cells. In the current study, we investigated and compared the anticancer effects of either metformin (2 mM) in glucose-starved or 2-deoxyglucose (10 mM; glycolytic inhibitor; 2DG) exposed MDA-MB-231 and MDA-MB-468 TNBC cells. Assays for cell proliferation, rate of glycolysis, cell viability, and cell-cycle analysis were performed. The status of proteins of the mTOR pathway was assessed by Western blot analysis. Metformin treatment in glucose-starved and 2DG (10 mM) exposed TNBC cells inhibited the mTOR pathway compared to non-treated glucose-starved cells or 2DG/metformin alone treated controls. Cell proliferation is also significantly reduced under these combination treatment conditions. The results indicate that combining a glycolytic inhibitor and metformin could prove an efficient therapeutic approach for treating TNBCs, albeit the efficacy of the combination treatment may depend on metabolic heterogeneity across various subtypes of TNBCs.",2023,916e3cfc367d114f9e726b8fe2d34b1001df4fe1,SemanticScholar
Estrogen Receptor-β and the Insulin-Like Growth Factor Axis as Potential Therapeutic Targets for Triple-Negative Breast Cancer,"Triple-negative breast cancers (TNBCs) lack estrogen receptor-α (ERα), progesterone receptor (PR), and human epidermal growth factor receptor-2 (HER2) amplification and account for almost half of all breast cancer deaths. This breast cancer subtype largely affects women who are premenopausal, African-American, or have BRCA1/2 mutations. Women with TNBC are plagued with higher rates of distant metastasis that significantly diminish their overall survival and quality of life. Due to their poor response to chemotherapy, patients with TNBC would significantly benefit from development of new targeted therapeutics. Research suggests that the insulin-like growth factor (IGF) family and estrogen receptor beta-1 (ERβ1), due to their roles in metabolism and cellular regulation, might be attractive targets to pursue for TNBC management. Here, we review the current state of the science addressing the roles of ERβ1 and the IGF family in TNBC. Further, the potential benefit of metformin treatment in patients with TNBC as well as areas of therapeutic potential in the IGF-ERβ1 pathway are highlighted.",2015,fe2b1ea04920ffbae4da0cc34aa862cbc6584266,SemanticScholar
Abstract GS3-08: Pathological complete response predicts event-free and distant disease-free survival in the I-SPY2 TRIAL,,2018,81667cf2af3781c94531496fb1db2ee59c38cb92,SemanticScholar
SGLT2 inhibition improves PI3Kα inhibitor–induced hyperglycemia: findings from preclinical animal models and from patients in the BYLieve and SOLAR-1 trials,"Alpelisib plus fulvestrant demonstrated a significant progression-free survival benefit versus fulvestrant in patients with PIK3CA-mutated HR+ /HER2− advanced breast cancer (ABC) (SOLAR-1). Hyperglycemia, an on-target adverse effect of PI3Kα inhibition, can lead to dose modifications, potentially impacting alpelisib efficacy. We report data from preclinical models and two clinical trials (SOLAR-1 and BYLieve) on Sodium glucose cotransporter 2 inhibitor (SGLT2i) use to improve PI3Kα inhibitor–associated hyperglycemia. Healthy Brown Norway (BN), mild diabetic Zucker diabetic fatty (ZDF), and Rat1-myr-p110α/HBRX3077 tumor–bearing nude rats treated with alpelisib were analyzed for glucose and insulin control with metformin and dapagliflozin (SGLT2i) and alpelisib efficacy. Hyperglycemia adverse events (AEs) were compared between patients receiving SGLT2i with alpelisib (n = 19) and a propensity score–matched cohort not receiving SGLT2i (n = 74) in both trials. Dapagliflozin and metformin in BN and ZDF rats treated with alpelisib normalized blood glucose and reduced insulin levels. No signs of ketosis or drug-drug interaction were observed when metformin and dapagliflozin was administered with alpelisib. Alpelisib antitumor efficacy was maintained when used with dapagliflozin in tumor-bearing rats. Compared with a matched set of patients without SGLT2i, patients receiving SGLT2i had 4.9 and 6.4 times lower rates of grade ≥ 3 hyperglycemia AEs and hyperglycemia AEs resulting in alpelisib dose adjustments, interruptions, or withdrawals, respectively, and a relative reduction in risk of experiencing these AEs (70.6% and 35.7%). These data suggest adding an SGLT2i can effectively manage hyperglycemia, resulting in fewer alpelisib dose modifications and discontinuations in patients with PIK3CA-mutated HR+ /HER2− ABC (SOLAR-1: NCT02437318; BYLieve: NCT03056755).",2024,5c9e4b95ddebbb4c873bf29f192572f70f743e1f,SemanticScholar
Determining the Role of Autophagy in HER2/neu-Induced Mammary Tumor Dormancy and Recurrence,,2013,8daf73e53e398d7368c39e1a752366ef8c246fc6,SemanticScholar
"Impact of molecular subtype and race on HR+, HER2− breast cancer survival.","There is an urgent need to understand the biological factors contributing to the racial survival disparity among women with hormone receptor-positive (HR+), HER2− breast cancer. In this study, we examined the impact of PAM50 subtype on 10-year mortality rate in women with HR+, HER2− breast cancer by race. Women with localized, HR+, HER2− breast cancer diagnosed between 2002 and 2012 from two population-based cohorts were evaluated. Archival tumors were obtained and classified by PAM50 into four molecular subtypes (i.e., luminal A, luminal B, HER2-enriched, and basal-like). The molecular subtypes within HR+, HER2− breast cancers and corresponding 10-year mortality rate were compared between Black and Non-Hispanic White (NHW) women using Cox proportional hazard ratios and survival analysis, adjusting for covariates. In this study, 318 women with localized, HR+, HER2− breast cancer were included—227 Black (71%) and 91 NHW (29%). Young Black women (age ≤ 50) had the highest proportion of HR+, non-luminal A tumors (47%), compared to young NHW (10%), older Black women (31%), and older NHW (30%). Overall, women with HR+, non-luminal A subtypes had a higher 10-year mortality rate compared to HR+, luminal A subtypes after adjustment for age, stage, and income (HR 4.21 for Blacks, 95% CI 1.74–10.18 and HR 3.44 for NHW, 95% CI 1.31–9.03). Among HR+, non-luminal A subtypes there was, however, no significant racial difference in 10-yr mortality observed (Black vs. NHW: HR 1.23, 95% CI 0.58–2.58). Molecular subtype classification highlights racial disparities in PAM50 subtype distribution among women with HR+, HER2− breast cancer. Among women with HR+, HER2− breast cancer, racial survival disparities are ameliorated after adjusting for molecular subtype.",2021,9c9afed504459f0142890a94ecc47b4f949b7b07,SemanticScholar
The Role of Ki-67 in HR+/HER2- Breast Cancer: A Real-World Study of 956 Patients,"Objective This study determined the cut-off value of Ki-67 expression and discussed the interaction between Ki-67 and histological grade, further explored the prognostic role of Ki-67 in hormone receptor-positive and human epidermal growth factor receptor 2 negative (HR+/HER2-) breast cancer;. Materials and Methods We assessed the Ki-67 expression of 956 patients with HR+/HER2 breast cancer diagnosed in the General Hospital of Ningxia Medical University from 2015 to 2019 by immunohistochemistry (IHC), The disease-free survival (DFS) was defined as the time from postoperative to the first local recurrence, distant metastasis or death of the disease. The follow-up by means of inpatient or outpatient medical records and telephone. Results 22.5% was used as the cut-off for low/high Ki-67 expression in HR+/HER2- breast cancer. Compared with the value of 14%, which is commonly used in clinic at present, the consistency of the two values is moderate (Kappa = 0.484, P<0.001). The expression of Ki-67 was increased with the grade. (Median: G1:10%; G2:20%; G3:40%. Mean: G1:13%; G2:23%; G3:39%, P <0.001). Survival analysis was based on all patients for a median of 51 months (24–89 months), 63 cases had recurrence or metastasis during the follow-up, which 21 cases had low expression of Ki-67 and 42 cases had high expression. The patients with Ki-67 ≥ 22.5% had a 2.969 higher risk of early recurrence and metastasis than the patients with Ki-67 < 22.5%. There were 4 cases of local recurrence, 7 cases of regional lymph node metastasis, and 52 cases of distant metastasis in all patients, the common distant metastases were bone, liver, and lung, and rare metastases were adrenal gland, bone marrow, and pericardium. Conclusion In HR+/HER2- breast cancer, patients with Ki-67 > 22.5% have a worse prognosis and are more likely to have early recurrence and metastasis.",2024,5fe87cd89cf4e478bd28901f7b8861e7334dca77,SemanticScholar
"Preventing alpelisib-related hyperglycaemia in HR+/HER2−/PIK3CA-mutated advanced breast cancer using metformin (METALLICA): a multicentre, open-label, single-arm, phase 2 trial","Summary Background Hyperglycaemia is an early and frequent adverse event during alpelisib treatment. METALLICA aimed to evaluate prophylactic metformin to prevent or reduce hyperglycaemia occurrence in patients with HR+/HER2−/PIK3CA-mutated advanced breast cancer (ABC). Methods Between August 13th, 2020 and March 23rd, 2022, this 2-cohort, phase 2, multicentre, single-arm trial (NCT04300790) enrolled patients with HR+/HER2−/PIK3CA-mutated ABC: cohort A, normal glycaemia (fasting plasma glucose <100 mg/dL [<5.6 mmol/L] and HbA1c <5.7%), and cohort B, prediabetes (fasting plasma glucose 100–140 mg/dL [5.6–7.8 mmol/L] and/or haemoglobin A1C [HbA1c] 5.7–6.4%). Participants were at least 18 years old, with Eastern Cooperative Oncology Group performance status of 0–1, and up to two prior lines of endocrine therapy (ET) for ABC. Alpelisib plus ET were administered in 28-day cycles after initiation of prophylactic metformin plus ET. Primary endpoint was the incidence of grade 3–4 hyperglycaemia over the first 8 weeks. Secondary endpoints included safety, progression-free survival (PFS), objective response rate (ORR), and clinical benefit rate (CBR). The primary objective for cohort A and B is met with ≤7 (14.6%) and ≤4 (20%) patients with grade 3–4 hyperglycaemia over the first 8 weeks, respectively. Findings 233 patients were screened, and 68 (20.2%) patients were enrolled in cohorts A (n = 48) and B (n = 20). Median follow-up was 7.8 months (IQR 1.4–19.6). Over the first 8 weeks, one (2.1%) of 48 patients in cohort A (95% CI: 0.5–11.1; P < 0.0001), and three (15.0%) of 20 patients in cohort B (95% CI: 5.6–37.8; P = 0.016) had grade 3–4 hyperglycaemia. Serious treatment-related adverse events occurred in seven patients (10.3%). The most common were rash (two [2.9%]), vomiting (two [2.9%]), and diarrhoea (two [2.9%]). Discontinuation of alpelisib caused by AEs was reported in nine patients (13.2%), none caused by hyperglycaemia. At data cutoff (15 June, 2022), no treatment-related deaths were observed. In the full analysis set, median PFS was 7.3 months (95% CI: 5.9–not reached), ORR was 20.6% (95% CI: 11.7–32.1%), and CBR was 52.9% (95% CI: 40.4–65.2). Interpretation In HR+/HER2−/PIK3CA-mutated ABC, prophylactic metformin before alpelisib plus endocrine treatment has low incidence and severity of alpelicib-induced hyperglycaemia. Funding Novartis Pharmaceuticals.",2024,5f1e7a29325a838047f87572694357e3de44ff0e,SemanticScholar
Intrathecal trastuzumab versus alternate routes of delivery for HER2-targeted therapies in patients with HER2+ breast cancer leptomeningeal metastases,"Background Patients with HER2+ breast cancer (BC) frequently develop leptomeningeal metastases (LM). While HER2-targeted therapies have demonstrated efficacy in the neoadjuvant, adjuvant, and metastatic settings, including for parenchymal brain metastases, their efficacy for patients with LM has not been studied in a randomized controlled trial. However, several single-armed prospective studies, case series and case reports have studied oral, intravenous, or intrathecally administered HER2-targeted therapy regimens for patients with HER2+ BC LM. Methods We conducted a systematic review and meta-analysis of individual patient data to evaluate the efficacy of HER2-targeted therapies in HER2+ BC LM in accordance with PRISMA guidelines. Targeted therapies evaluated were trastuzumab (intrathecal or intravenous), pertuzumab, lapatinib, neratinib, tucatinib, trastuzumab-emtansine and trastuzumab-deruxtecan. The primary endpoint was overall survival (OS), with CNS-specific progression-free survival (PFS) as a secondary endpoint. Results 7780 abstracts were screened, identifying 45 publications with 208 patients, corresponding to 275 lines of HER2-targeted therapy for BC LM which met inclusion criteria. In univariable and multivariable analyses, we observed no significant difference in OS and CNS-specific PFS between intrathecal trastuzumab compared to oral or intravenous administration of HER2-targeted therapy. Anti-HER2 monoclonal antibody-based regimens did not demonstrate superiority over HER2 tyrosine kinase inhibitors. In a cohort of 15 patients, treatment with trastuzumab-deruxtecan was associated with prolonged OS compared to other HER2-targeted therapies and compared to trastuzumab-emtansine. Conclusions The results of this meta-analysis, comprising the limited data available, suggest that intrathecal administration of HER2-targeted therapy for patients with HER2+ BC LM confers no additional benefit over oral and/or IV treatment regimens. Although the number of patients receiving trastuzumab deruxtecan in this cohort is small, this novel agent offers promise for this patient population and requires further investigation in prospective studies.",2023,5fc978da77eff5775f856ae9995332a5efbbb9eb,SemanticScholar
"PIK3CA mutation status, progression and survival in advanced HR + /HER2- breast cancer: a meta-analysis of published clinical trials","Background Approximately 40% of hormone receptor positive/human epidermal receptor 2 negative (HR + /HER2-) metastatic breast cancer (mBC) patients harbor phosphatidylinositol-4,5-bisphosphate 3-kinase catalytic subunit alpha ( PIK3CA ) mutations. However, associations between PIK3CA mutation status and clinical outcomes among patients with HR + /HER2- mBC have been heterogeneous across clinical trials. This meta-analysis was conducted to survey recently available trial data to assess the prognostic effects of PIK3CA among patients with HR + /HER2- mBC.  Methods Randomized clinical trials reporting progression-free survival (PFS) or overall survival (OS) stratified by PIK3CA status in HR + /HER2- mBC were identified via systematic literature review. Trial arms receiving phosphatidylinositol 3-kinase ( PI3K)- targeted therapies were excluded. Meta-regression analysis was used to estimate the association between PIK3CA status and PFS and OS among included studies. Results The analyzed data included 3,219 patients from 33 study arms across 11 trials ( PIK3CA mutated: 1,386, wild type: 1,833). PIK3CA mutation was associated with shorter median PFS (difference [95% CI] (months): -1.8 [-3.4, -0.1], I 2  = 35%) and shorter median OS (-8.4 [-13.4, -3.5], I 2  = 58%, N  = 1,545). Findings were similar for PFS rates at 6 months (odds ratio [95% CI]: 0.74 [0.59, 0.94], I 2  = 42%, N  = 3,160) and 12 months (0.76 [0.59, 0.99], I 2  = 42%, N  = 2,468) and directionally consistent but not statistically significant at 18 months ( N  = 1,726). Conclusions Pooling evidence across multiple studies, PIK3CA mutation was associated with shorter PFS and OS. These findings suggest a negative prognostic value of PIK3CA mutations in patients with HR + /HER2- mBC.",2022,bb1035b3b7b6a74e3dbe213eb71528689d3ee6e5,SemanticScholar
Pathologic complete response and survival after neoadjuvant chemotherapy in cT1-T2/N0 HER2+ breast cancer,"Women with small HER2+ breast cancers may have excellent prognosis with adjuvant single-agent chemotherapy and HER2-targeted therapy. The role of de-escalated therapy in the neoadjuvant setting, however, remains uncertain. We conducted a cohort study of adult women with T1-2/cN0 HER2+ breast cancer diagnosed 2013–2016 in the National Cancer Database treated with neoadjuvant chemotherapy (NAC) and HER2-targeted therapy. Factors associated with pathologic complete response (pCR) and overall survival were examined. In total, 6994 patients were included, 32% cT1 and 68% cT2. Multi-agent NAC was given to 90% of women while single-agent NAC was given to 10% of women. pCR was achieved in 46% of cT2 patients and 43% of cT1, and in 46% of patients treated with multi-agent versus 38% single agent. Patients receiving multi-agent chemotherapy were younger, had fewer comorbidities, and had higher cT stage and grade. In all patients, pCR was associated with improved survival (p < 0.01). Multi-agent chemotherapy (OR 1.3, p = 0.003), hormone receptor negative (OR 2.6, p < 0.001), higher grade (OR 2.2, p < 0.001), younger age (OR 1.4, p = 0.011), and later year of diagnosis (OR 1.3, p = 0.005) were associated with achieving pCR. Multi-agent chemotherapy was associated with higher likelihood of pCR, but this effect was modest compared to other factors. Single-agent NAC with HER2-directed therapy in selected patients may provide excellent outcome with reduced toxicity, while allowing escalated therapy in the adjuvant setting for patients with residual disease. Prospective studies are needed to determine effects of de-escalation in the neoadjuvant setting on survival and optimal selection strategies.",2022,4c40963abd3d0dc4bb23d32f159eb9a1eee88f56,SemanticScholar
Efficacy of CDK4/6 inhibitors combined with endocrine therapy in HR+/HER2− breast cancer: an umbrella review,"Background The use of Cyclin-Dependent kinase 4 and 6 (CDK4/6) inhibitors has profoundly changed the challenge of endocrine therapy (ET) resistance in hormone receptor-positive (HR+)/HER2-negative (HER2−) breast cancer. However, there is currently no comprehensive evaluation of the evidence for the efficacy of CDK4/6 inhibitors. We conducted an umbrella review to explore the impact of CDK4/6 inhibitor combined with ET on breast cancer by summarizing and assessing the meta-analysis (MA) and systematic review (SR) evidence. Methods Cochrane, PubMed, Embase, and Web of Science databases were searched from inception to August 1st, 2022. Eligible studies were assessed for methodological quality, report quality, and evidence quality using the AMSTAR-2 scale, PRISMA 2020, and GRADE grading systems, respectively. We summarized all efficacy outcomes of CDK4/6 inhibitors for breast cancer and reported them in narrative form. Results Our study included 24 MAs and SRs. The strongest evidence demonstrated that CDK4/6 inhibitor combined with ET significantly improved progression-free survival (PFS), overall survival (OS) in advanced breast cancer (ABC). A large body of moderate to high evidence showed a significant association between combination therapy and objective response rate (ORR), and clinical benefit response (CBR) benefit in ABC. Low evidence suggested some degree of benefit from combination therapy in second progression-free survival (PFS2) and time to subsequent chemotherapy (TTC) outcomes in ABC and invasive disease-free survival (IDFS) outcomes in early breast cancer. Conclusions Based on current evidence, CDK4/6 inhibitors combined with ET have great confidence in improving PFS, OS, ORR, and CBR outcomes in patients with ABC, which provides more rational and valid evidence-based medicine for CDK4/6 inhibitor promotion and clinical decision support.",2024,4575b8c033f5fcb10b53627cd0a3e0e69ffb2294,SemanticScholar
Proteomic Characterization of a 3D HER2+ Breast Cancer Model Reveals the Role of Mitochondrial Complex I in Acquired Resistance to Trastuzumab,"HER2-targeted therapies, such as Trastuzumab (Tz), have significantly improved the clinical outcomes for patients with HER2+ breast cancer (BC). However, treatment resistance remains a major obstacle. To elucidate functional and metabolic changes associated with acquired resistance, we characterized protein profiles of BC Tz-responder spheroids (RSs) and non-responder spheroids (nRSs) by a proteomic approach. Three-dimensional cultures were generated from the HER2+ human mammary adenocarcinoma cell line BT-474 and a derived resistant cell line. Before and after a 15-day Tz treatment, samples of each condition were collected and analyzed by liquid chromatography–mass spectrometry. The analysis of differentially expressed proteins exhibited the deregulation of energetic metabolism and mitochondrial pathways. A down-regulation of carbohydrate metabolism and up-regulation of mitochondria organization proteins, the tricarboxylic acid cycle, and oxidative phosphorylation, were observed in nRSs. Of note, Complex I-related proteins were increased in this condition and the inhibition by metformin highlighted that their activity is necessary for nRS survival. Furthermore, a correlation analysis showed that overexpression of Complex I proteins NDUFA10 and NDUFS2 was associated with high clinical risk and worse survival for HER2+ BC patients. In conclusion, the non-responder phenotype identified here provides a signature of proteins and related pathways that could lead to therapeutic biomarker investigation.",2024,484cbcf9e0c17bc700dbc4fd45d1b26638b094d9,SemanticScholar
Overall survival associated with CDK4/6 inhibitors in patients with HR+/HER2– metastatic breast cancer in the United States: A SEER‐Medicare population‐based study,Evidence on overall survival (OS) with cyclin‐dependent kinase 4 and 6 (CDK4/6) inhibitors is generally limited to data from clinical trials or a few observational studies with limited generalizability to Medicare population. The aim of this study was to determine OS benefits associated with CDK4/6 inhibitors in older Medicare patients with hormone receptor (HR)–positive and human epidermal growth factor receptor‐2 overexpressing (HER2–) metastatic breast cancer (MBC).,2023,1c45c6ae3a9ae8ca482e95c1f51bec0fb771eeb8,SemanticScholar
Trastuzumab-lapatinib as neoadjuvant therapy for HER2-positive early breast cancer: Survival analyses of the CHER-Lob trial.,"AIM
The Cher-LOB randomised phase II study showed that the combination of lapatinib-trastuzumab plus chemotherapy increases pathologic complete response (pCR) rate compared with chemotherapy plus either trastuzumab or lapatinib. Here, we report the post hoc survival analysis as per treatment arm, pCR and biomarkers.


METHODS
The Cher-LOB study randomised 121 patients with human epidermal growth factor receptor 2-positive, stage II-IIIA breast cancer. A specific protocol to collect recurrence-free survival (RFS) and overall survival (OS) data was designed. Tumour-infiltrating lymphocytes (TILs) and PAM50-intrinsic subtyping were evaluated at baseline.


RESULTS
At 9-year median follow-up, a trend towards RFS improvement with lapatinib-trastuzumab over trastuzumab was observed (hazard ratio [HR] 0.44, 95% confidence interval [CI] 0.18-1.05). Combining treatment arms, pCR was significantly associated with both RFS (HR 0.12, 95% CI 0.03-0.49) and OS (HR 0.12, 95% CI 0.03-0.49). TILs were significantly associated with RFS (HR = 0.978 for each 1% increment). Luminal-A subtype was a significant and independent predictor of improved RFS as compared with other PAM50-based intrinsic subtypes at the multivariate analysis including the most relevant clinicopathologic variables (HR 0.29, 95% CI 0.09-0.94, p = 0.040).


CONCLUSIONS
Cher-LOB trial survival analysis confirmed the prognostic role of pCR and TILs and showed a signal for a better outcome with lapatinib-trastuzumab over trastuzumab.


TRIAL REGISTRATION
NCT00429299.",2021,b6e3ae054feaa915bc7530d3e9536a2fd8c0a08f,SemanticScholar
Pathologic complete response and survival in HER2-low and HER2-zero early breast cancer treated with neoadjuvant chemotherapy,"Background Breast cancers without HER2 amplification but still expressing this membrane protein constitute a new entity called HER2-low tumors. It is important to characterize them in terms of sensitivity to treatment and prognosis. Patients and methods To investigate chemosensitivity and long-term prognosis of HER2-low early breast cancer (eBC), compared to HER2-0 tumors, we retrospectively retrieved clinicopathological characteristics, response to treatment, and survival data from 511 patients treated for eBC with neoadjuvant chemotherapy (NAC) in a French cancer center between 2007 and 2018. Factors associated with the achievement of pathologic complete response (pCR) and survival were studied among hormone receptor positive (HR+) and negative (HR–) eBC. Results A total of 280 HR+ (61% HER2-low), and 231 HR– (28% HER2-low) eBC were included. We found classical clinicopathological factors usually associated with chemosensitivity and prognosis, in both HR+ and HR– eBC. By uni- and multivariable analysis, HER2 status (low vs 0) was not independently associated with pCR, either in HR+ or HR– eBC. Relapse free (RFS) and overall survival (OS) were not significantly different between HER2-low and HER2-0 among HR+ tumors. In contrast, among HR– negative tumors, RFS and OS were slightly better in HER2-0 eBC by univariable but not by multivariable analysis. Conclusions In eBC patients treated with NAC, taking into account HR expression subtype and other current clinicopathological features, HER2-low tumors did not appear to have different chemosensitivity or prognosis, compared to their HER2-0 counterparts.",2023,b720f5c0ee3106ca175f519de7ea34ae09f5e451,SemanticScholar
Updated overall survival from the MONALEESA-3 trial in postmenopausal women with HR+/HER2− advanced breast cancer receiving first-line ribociclib plus fulvestrant,"Background The phase III MONALEESA-3 trial included first- (1L) and second-line (2L) patients and demonstrated a significant overall survival (OS) benefit for ribociclib + fulvestrant in patients with hormone receptor–positive, human epidermal growth factor receptor 2–negative (HR+/HER2−) advanced breast cancer (ABC) in the final protocol-specified and exploratory (longer follow-up) OS analyses. At the time of these analyses, the full OS benefit of 1L ribociclib was not completely characterized because the median OS (mOS) was not reached. As CDK4/6 inhibitor (CDK4/6i) + endocrine therapy (ET) is now a preferred option for 1L HR+/HER2− ABC, we report an exploratory analysis (median follow-up, 70.8 months; 14.5 months longer than the prior analysis) to fully elucidate the OS benefit in the MONALEESA-3 1L population. Methods Postmenopausal patients with HR+/HER2− ABC were randomized 2:1 to 1L/2L fulvestrant + ribociclib or placebo. OS in 1L patients (de novo disease or relapse > 12 months from completion of [neo]adjuvant ET) was assessed by Cox proportional hazards model and Kaplan–Meier methods. Progression-free survival 2 (PFS2) and chemotherapy-free survival (CFS) were analyzed. MONALEESA-3 is registered with ClinicalTrials.gov (NCT02422615). Results At data cutoff (January 12, 2022; median follow-up time, 70.8 months), mOS was 67.6 versus 51.8 months with 1L ribociclib versus placebo (hazard ratio (HR) 0.67; 95% CI 0.50–0.90); 16.5% and 8.6% of ribociclib and placebo patients, respectively, were still receiving treatment. PFS2 (HR 0.64) and CFS (HR 0.62) favored ribociclib versus placebo. Among those who discontinued treatment, 16.7% and 35.0% on ribociclib or placebo, respectively, received a subsequent CDK4/6i. No new safety signals were observed. Conclusions This analysis of MONALEESA-3 reports the longest mOS thus far (67.6 months) for 1L patients in a phase III ABC trial. These results in a 1L population show that the OS benefit of ribociclib was maintained through extended follow-up, further supporting its use in HR+/HER2− ABC.",2023,81e03adc2feccd25298e4ddc766d559cbb37a15d,SemanticScholar
"Abstract PD8-02: Metformin (MET) for the prevention of Alpelisib (ALP)-related Hyperglycemia (HG) in PIK3CA-mutated, Hormone Receptor-Positive (HR[+]) HER2-Negative (HER2[-]) Advanced Breast Cancer (ABC): The METALLICA study","
 Background: HG is an on-target AE of PI3K inhibition, reported in 63.7% (36.6% G≥3) of HR[+]/HER2[-] ABC patients (pts) treated with ALP plus fulvestrant in SOLAR-1. HG was the most frequent adverse event (AE) leading to ALP discontinuation (6.3%). MET reduces systemic insulin resistance and suppress PI3K and Ras signaling. METALLICA is assessing the prophylactic use of MET for prevention of ALP-induced G3-4 HG in PIK3CA-mutated, HR[+]/HER2[-] ABC pts with normal fasting glycemia or prediabetic criteria. Methods: This is an open-label, single-arm, two-cohort, phase 2 trial. Pts aged ≥18 years, ECOG PS of 0–1, and PIK3CA-mutated, HR[+]/HER2[-] ABC, progressing to an aromatase inhibitor (AI)-containing regimen, ≤2 previous endocrine therapy (ET) and ≤1 prior chemotherapy regimens for ABC were eligible. Pts were enrolled into cohorts according to glycemia at baseline: (A) pts with normal fasting glycemia < 100 mg/dL and glycosylated hemoglobin (HbA1c) < 5.7%; (B) pts with prediabetic fasting glycaemia 100–140 mg/dL and/or HbA1c 5.7–6.4%. Pts received oral ALP 300 mg/day, starting from C1D8, in combination with ET; fulvestrant, letrozole, or exemestane as per standard of care; and oral MET 1000 mg/day on days 1-3 and 2000 mg/day thereafter. The primary endpoint was G3-4 HG incidence as per NCI-CTCAE v.4.03 at 2 first cycles of treatment. Assessment of glycemia was performed by rigorous self-monitoring blood glucose and local laboratory confirmation in fasting conditions. Secondary endpoints included objective response (ORR), clinical benefit rate (CBR), duration of response (DoR), progression-free survival (PFS), and safety. Sample size was based on a Simon’s two-stage design in cohorts A (H0: G3-4 HG ≥25%; H1: G3-4 HG ≤10%) and B (H0: G3-4 HG ≥40%; H1: G3-4 HG ≤15%). We planned to attain 80% power at the nominal one-sided α level of 0.05 for each cohort. Results: Between Aug 30, 2020, and Mar 10, 2022, 68 pts were enrolled at 18 sites (48 cohort A, 20 cohort B). Median age was 55 (range, 29–79) years and 58.8% pts had visceral disease and an ECOG PS 0. A total of 66 (97.1%) pts had been previously treated with a CDK4/6i and 13 (19.2%) pts had received chemotherapy for advanced disease. Sixty-three (92.6%) pts received fulvestrant as ET (45 cohort A, 18 cohort B). With a median follow-up of 8 (range, 1.6–14.9) months, 28 (41.2%) pts remain on study treatment. Disease progression was the main reason for discontinuation, reported in 32 (47.1%) pts. The primary endpoint of the study was reached, with 1 (2.1%) pts (95%CI, 0.8–9.5; p < 0.001) in cohort A and 3 (15%) pts (95%CI, 4.5–33; p = 0.012) in cohort B experiencing a G3-4 HG episode over the 2 first cycles of treatment. For patients on fulvestrant, G3-4 HG rates were 1 pts (2.2%) and 3 (16.7%) pts for cohorts A and B, respectively. No ALP discontinuation related to HG was reported during the first 2 treatment cycles. Median PFS in all patients was 7.4 months (95%CI, 6–NA). Among pts with measurable disease, ORR was 14 (36.8%) pts (95%CI, 21.8–54). At the time of this analysis, DoR and CBR were still immature. The most common AEs were diarrhea (67.6%; 13.2% G≥3), nausea (67.6%; 0% G≥3), and fatigue (45.6%; 2.9% G≥3). Serious AEs occurred in 15 (22.1%) pts. The main serious AEs were rash (2.9% G≥3) and vomiting (1.5% G≥3). No additional pts reported G≥3 HG after the first 2 cycles. The dose of ALP was reduced according to the protocol in 19 (27.9%) pts. Eight (11.8%) pts permanently discontinued ALP due to AEs, none of whom related to HG. No treatment-related deaths were reported. Conclusions: Prophylactic use of MET substantially reduced the incidence and severity of ALP-related HG with no additional toxicities and could be a new standard for PIK3CA-mutated, HR[+]/HER2[-] ABC pts receiving ALP plus fulvestrant or other ET.
 Citation Format: Manuel Ruiz Borrego, Pablo Tolosa, Salvador Blanch, Adela Fernández, Ander Urriticoechea, Isabel Blancas, Cristina Saura, Beatriz Rojas, Begoña Bermejo, Jose Ponce, Maria Gión, Elisenda Llabres, Elena Galve, Juan Fernando Cueva, Ana López, José L Alonso-Romero, Santiago González-Santiago, Eduardo Martínez De Dueñas, Fernando Gomez Peralta, Eva Ciruelos, José Manuel Pérez-García, Antonio Llombart-Cussac, Javier Cortés. Metformin (MET) for the prevention of Alpelisib (ALP)-related Hyperglycemia (HG) in PIK3CA-mutated, Hormone Receptor-Positive (HR[+]) HER2-Negative (HER2[-]) Advanced Breast Cancer (ABC): The METALLICA study. [abstract]. In: Proceedings of the 2022 San Antonio Breast Cancer Symposium; 2022 Dec 6-10; San Antonio, TX. Philadelphia (PA): AACR; Cancer Res 2023;83(5 Suppl):Abstract nr PD8-02.",2023,cd0c4be6bf71cf9586cef776957d433fbd8240c4,SemanticScholar
Platelet/Lymphocyte Ratio Is Superior to Neutrophil/Lymphocyte Ratio as a Predictor of Chemotherapy Response and Disease-free Survival in Luminal B-like (HER2-) Breast Cancer.,"BACKGROUND
The neutrophil/lymphocyte ratio (NLR) and platelet/lymphocyte ratio (PLR) have been associated with the prognosis in breast cancer (BC). The relationship of the NLR and PLR with chemotherapy sensitivity and prognosis in luminal B-like (human epidermal growth factor receptor 2-negative [HER2-]) BC are not well studied.


PATIENTS AND METHODS
The clinical data from 980 patients with luminal B-like (HER2-) BC from June 2012 to June 2016 were collected. The differences among the variables were calculated using the χ2 test. The associations among the clinicopathologic factors, pretreatment NLR, pretreatment PLR, and disease-free survival (DFS) were analyzed using Kaplan-Meier curves and Cox analyses.


RESULTS
The median follow-up was 37 months (range, 5-77 months). For the 480 patients who had received neoadjuvant chemotherapy, low pretreatment PLR values were associated with higher pathologic complete response (pCR) rates compared with the high PLR group (15.8% for low vs. 9.2% for high PLR group; P = .027). Multivariate analyses showed that larger tumors, a greater number of lymph nodes involved, a high Ki-67 score, and a high PLR were independent prognostic factors of worse outcomes for the patients with luminal B-like (HER2-) BC. The risk of metastasis and/or recurrence was greater for the high PLR group than for the low PLR group (hazard ratio, 1.576; 95% confidence interval, 1.039-2.390; P = .032). The pretreatment NLR showed no such associations among this cohort of patients.


CONCLUSIONS
The results of the present study have shown that the pretreatment PLR is superior to the NLR as a predictor of pCR and DFS outcomes in patients with luminal B-like (HER2-) BC. A low pretreatment PLR was associated with higher pCR rates after neoadjuvant chemotherapy and was an independent predictive factor for better DFS outcomes among patients with luminal B-like (HER2-) BC.",2020,74994e1f38b01ad72afcd140d01ebb282737e88e,SemanticScholar
Predictive factors of 5-year relapse-free survival in HR+/HER2- breast cancer patients treated with neoadjuvant endocrine therapy: pooled analysis of two phase 2 trials,"Background Few data are available on survival and predictive factors in early breast cancer (BC) patients treated with neoadjuvant endocrine therapy (NET). Methods This is a pooled analysis of two multicentre, randomised non-comparative phase 2 clinical trials evaluating neoadjuvant anastrozole and fulvestrant efficacy for postmenopausal HR+/HER2- breast cancer patients: HORGEN (NCT00871858) and CARMINA02 (NCT00629616) studies. Results In total, 236 patients were included in CARMINA02 and HORGEN trials. Modified intention-to-treat analysis was available for 217 patients. Median follow-up was 65.2 months. Relapse-free survival (RFS) and overall survival (OS) at 5 years were 83.7% (95% CI: 77.9–88) and 92.7% (95% CI: 88.2–95.6), respectively, with no difference between treatment arms. On univariate analysis, tumour staging (T2 vs T3–4; p  = 0.0001), Ki-67 at surgery (≤10% vs >10%; p  = 0.0093), pathological tumour size (pT1–2 vs pT3–4; p  = 0.0012) and node status (pN negative vs positive; p  = 0.007), adjuvant chemotherapy ( p  = 0.0167) and PEPI score (PEPI group I + II vs III; p  = 0.0004) were associated with RFS. No events were observed in patients with pathological response according to the Sataloff classification. Multivariate analysis showed that preoperative endocrine prognostic index (PEPI) group III was associated with significantly worse RFS ( p  = 0.0069, hazard ratio = 3.33 (95% CI: 1.39–7.98)). Conclusions Postmenopausal HR+/HER2- breast cancer patients receiving NET generally have a favourable outcome. The PEPI score identifies a subset of patients of poorer prognosis who are candidates for further additional treatment.",2020,e97678d08b4059ab6a849655e8c3c8cc9b9b0c7d,SemanticScholar
"Overall survival with neratinib after trastuzumab-based adjuvant therapy in HER2-positive breast cancer (ExteNET): A randomised, double-blind, placebo-controlled, phase 3 trial.","BACKGROUND
ExteNET showed that neratinib, an irreversible pan-HER tyrosine kinase inhibitor, given for 1 year after trastuzumab-based therapy significantly improved invasive disease-free survival in women with early-stage HER2-positive breast cancer. We report the final analysis of overall survival in ExteNET.


METHODS
In this international, randomised, double-blind, placebo-controlled, phase 3 trial, women aged 18 years or older with stage 1-3c (amended to stage 2-3c) HER2-positive breast cancer who had completed neoadjuvant and adjuvant chemotherapy plus trastuzumab were eligible. Patients were randomly assigned to oral neratinib 240 mg/day or placebo for 1 year. Randomisation was stratified according to hormone receptor (HR) status (HR-positive vs. HR-negative), nodal status (0, 1-3 or 4+), and trastuzumab regimen (sequentially vs. concurrently with chemotherapy). Overall survival was analysed by intention to treat. ExteNET is registered (Clinicaltrials.gov: NCT00878709) and is complete.


RESULTS
Between July 9, 2009, and October 24, 2011, 2840 women received neratinib (n = 1420) or placebo (n = 1420). After a median follow-up of 8.1 (IQR, 7.0-8.8) years, 127 patients (8.9%) in the neratinib group and 137 patients (9.6%) in the placebo group in the intention-to-treat population had died. Eight-year overall survival rates were 90.1% (95% CI 88.3-91.6) with neratinib and 90.2% (95% CI 88.4-91.7) with placebo (stratified hazard ratio 0.95; 95% CI 0.75-1.21; p = 0.6914).


CONCLUSIONS
Overall survival in the extended adjuvant setting was comparable for neratinib and placebo after a median follow-up of 8.1 years in women with early-stage HER2-positive breast cancer.",2023,9510f69b24794d75f74af3b815d48c2241ffa7de,SemanticScholar
Key Genes and Prognostic Analysis in HER2+ Breast Cancer,"Human epidermal growth factor 2 (HER2)+ breast cancer is considered the most dangerous type of breast cancers. Herein, we used bioinformatics methods to identify potential key genes in HER2+ breast cancer to enable its diagnosis, treatment, and prognosis prediction. Datasets of HER2+ breast cancer and normal tissue samples retrieved from Gene Expression Omnibus and The Cancer Genome Atlas databases were subjected to analysis for differentially expressed genes using R software. The identified differentially expressed genes were subjected to gene ontology and Kyoto Encyclopedia of Genes and Genomes pathway enrichment analyses followed by construction of protein-protein interaction networks using the STRING database to identify key genes. The genes were further validated via survival and differential gene expression analyses. We identified 97 upregulated and 106 downregulated genes that were primarily associated with processes such as mitosis, protein kinase activity, cell cycle, and the p53 signaling pathway. Visualization of the protein-protein interaction network identified 10 key genes (CCNA2, CDK1, CDC20, CCNB1, DLGAP5, AURKA, BUB1B, RRM2, TPX2, and MAD2L1), all of which were upregulated. Survival analysis using PROGgeneV2 showed that CDC20, CCNA2, DLGAP5, RRM2, and TPX2 are prognosis-related key genes in HER2+ breast cancer. A nomogram showed that high expression of RRM2, DLGAP5, and TPX2 was positively associated with the risk of death. TPX2, which has not previously been reported in HER2+ breast cancer, was associated with breast cancer development, progression, and prognosis and is therefore a potential key gene. It is hoped that this study can provide a new method for the diagnosis and treatment of HER2 + breast cancer.",2021,3234e40c9461534152eebec6edad09f565f31567,SemanticScholar
"Carbonic anhydrases reduce the acidity of the tumor microenvironment, promote immune infiltration, decelerate tumor growth, and improve survival in ErbB2/HER2-enriched breast cancer","Background Carbonic anhydrases catalyze CO_2/HCO_3^– buffer reactions with implications for effective H^+ mobility, pH dynamics, and cellular acid–base sensing. Yet, the integrated consequences of carbonic anhydrases for cancer and stromal cell functions, their interactions, and patient prognosis are not yet clear. Methods We combine (a) bioinformatic analyses of human proteomic data and bulk and single-cell transcriptomic data coupled to clinicopathologic and prognostic information; (b) ex vivo experimental studies of gene expression in breast tissue based on quantitative reverse transcription and polymerase chain reactions, intracellular and extracellular pH recordings based on fluorescence confocal microscopy, and immunohistochemical protein identification in human and murine breast cancer biopsies; and (c) in vivo tumor size measurements, pH-sensitive microelectrode recordings, and microdialysis-based metabolite analyses in mice with experimentally induced breast carcinomas. Results Carbonic anhydrases—particularly the extracellular isoforms CA4 , CA6 , CA9 , CA12 , and CA14 —undergo potent expression changes during human and murine breast carcinogenesis. In patients with basal-like/triple-negative breast cancer, elevated expression of the extracellular carbonic anhydrases negatively predicts survival, whereas, surprisingly, the extracellular carbonic anhydrases positively predict patient survival in HER2/ErbB2-enriched breast cancer. Carbonic anhydrase inhibition attenuates cellular net acid extrusion and extracellular H^+ elimination from diffusion-restricted to peripheral and well-perfused regions of human and murine breast cancer tissue. Supplied in vivo, the carbonic anhydrase inhibitor acetazolamide acidifies the microenvironment of ErbB2-induced murine breast carcinomas, limits tumor immune infiltration (CD3^+ T cells, CD19^+ B cells, F4/80^+ macrophages), lowers inflammatory cytokine ( Il1a , Il1b , Il6 ) and transcription factor ( Nfkb1 ) expression, and accelerates tumor growth. Supporting the immunomodulatory influences of carbonic anhydrases, patient survival benefits associated with high extracellular carbonic anhydrase expression in HER2-enriched breast carcinomas depend on the tumor inflammatory profile. Acetazolamide lowers lactate levels in breast tissue and blood without influencing breast tumor perfusion, suggesting that carbonic anhydrase inhibition lowers fermentative glycolysis. Conclusions We conclude that carbonic anhydrases (a) elevate pH in breast carcinomas by accelerating net H^+ elimination from cancer cells and across the interstitial space and (b) raise immune infiltration and inflammation in ErbB2/HER2-driven breast carcinomas, restricting tumor growth and improving patient survival.",2023,05019098bbc2325d0e1582308513dbdf2e4ca5d8,SemanticScholar
Tumor-infiltrating lymphocytes (TILs) in ER+/HER2− breast cancer,,2020,551a3b531d9493886442d5d57da7484d1dddcb47,SemanticScholar
The association of PD-L1 expression and CD8-positive T cell infiltration rate with the pathological complete response after neoadjuvant treatment in HER2-positive breast cancer,"Achieving a pathological complete response (pCR) after neoadjuvant therapy in HER2-positive breast cancer patients is the most significant prognostic indicator, suggesting a low risk of recurrence and a survival advantage. This study aims to investigate clinicopathological parameters that can predict the response to neoadjuvant treatment in HER2 + breast cancers and to explore the roles of tumour-infiltrating lymphocytes (TILs), CD8 + T lymphocytes and PD-L1 expression. This single-centre retrospective study was conducted with 85 HER2-positive breast cancer patients who underwent surgery after receiving neoadjuvant therapy between January 2017 and January 2020. Paraffin blocks from these patients were selected for immunohistochemical studies. A complete pathological response to neoadjuvant treatment was determined in 39 (45.9%) patients. High Ki-67 index (> 30%), moderate to high TIL infiltration, PD-L1 positivity and high CD8 cell count (≥ 25) were significantly associated with pCR in univariate analyses (p: 0.023, 0.025, 0.017 and 0.003, respectively). Multivariate regression analysis identified high Ki-67 index (> 30%) and CD8 cell infiltration as independent predictors for pCR in HER2-positive breast cancer. High Ki-67 index, and high CD8 cell count are strong predictors for pCR in HER2-positive breast cancer. Tumours with high Ki-67 index, high TILs and CD8 infiltration may represent a subgroup where standard therapies are adequate. Conversely, those with low TILs and CD8 infiltration may identify a subgroup where use of novel strategies, including those that increase CD8 infiltration could be applied.",2024,8936ee9a327387ac12115d6bc89e4b08ea5ecfc3,SemanticScholar
